id,treeID,creatorID,statusID,specID,easting,northing,height,DBH,remarks
"1",b00001,(jk),,FIG,477490.9,5632269.48,,0.15,
"2",b00002,(jk),"0",BUR,477577.44,5632278.02,,0.08,
"3",b00003,(jk),,FIG,477490.76,5632269.93,,0.08,tot
"4",b00004,(dg),"0",BUR,477535.15,5631810.85,,0.55,
"5",b00005,(DGLJS),"0",EIT,477926,5632136,38.3,0.51,
"6",b00006,(jk),,FIG,477493.29,5632269.77,,0.1,tot
"7",b00007,(DGLJS),"0",HBU,477660,5632370,18.5,0.23,
"8",b00008,(DGLJS),"0",EIT,477936,5632141,30.3,0.99,
"9",b00009,(GHKLRRS),"0",BUR,477393.6,5631904.1,7.1,0.3,
"10",b00010,(DGLJS),"0",HBU,477660,5632422,31.9,0.37,massive Rindenabschürfung
"11",b00011,(DGLJS),"0",ESG,477697,5632513,11.3,0.16,viele Rindenabschürfungen
"12",b00012,(DGLJS),"0",HBU,477966,5632176,8.9,0.18,
"13",b00013,(dg),"0",EIT,477350.58,5632173.92,,0.41,
"14",b00014,(dg),"0",BUR,477230.35,5631662.31,,0.59,
"15",b00015,(BHW),"0",BUR,477567.65,5632277.61,19,0.21,Plakette neu gesetzt dg 31.8.2018
"16",b00016,(GRLGS),"0",BUR,477487,5631974,5,0,tot
"17",b00017,(GRLGS),"0",BUR,477478.42,5631894.28,9,0.64,tot nur Stamm
"18",b00018,(DGLJS),"9999",EIT,477695,5632380,27.1,0.48,gleiche Koordinaten wie b00582
"19",b00019,(DGLJS),"0",HBU,477955,5632129,8.8,0.35,
"20",b00020,(DGLJS),"0",EIT,478015,5632182,31.1,0.6,Schürfungen am ganzen Baum
"21",b00400,(KSW),"0",BUR,477198.99,5631805.8,18,0.45,
"22",b00401,(KSW),"0",BUR,477203.32,5631808.12,19,0.37,
"23",b00402,(KSW),"0",BUR,477205.18,5631807.84,9,0.16,
"24",b00403,(KSW),"0",BUR,477205.26,5631803.22,22,0.48,
"25",b00404,(KSW),"0",BUR,477200.81,5631797.53,12,0.16,
"26",b00405,(KSW),"0",BUR,477200.77,5631796.08,19,0.37,
"27",b00406,(KSW),"0",BUR,477189.69,5631799.07,24,0.38,
"28",b00407,(KSW),"0",BUR,477192,5631806.22,18,0.4,
"29",b00408,(KSW),"0",BUR,477245.78,5631625.11,29,0.73,
"30",b00409,(KSW),"0",BUR,477240.81,5631629.05,25,0.59,
"31",b00410,(KSW),"0",BUR,477482.53,5631633.66,7.9,0.22,
"32",b00411,(KSW),"0",LAE,477482.53,5631629.27,16.5,0.33,
"33",b00412,(KSW),"0",BUR,477485.84,5631628.4,6.5,0.14,
"34",b00413,(KSW),"0",BUR,477484.98,5631618.3,8,0.14,
"35",b00414,(KSW),"0",BUR,477484.14,5631618.12,8,0.13,
"36",b00415,(KSW),"0",HBU,477481.53,5631618.76,8,0.17,
"37",b00416,(KSW),"0",LAE,477479.59,5631619.5,18,0.36,
"38",b00417,(KSW),"0",BUR,477477.31,5631617.5,7,0.14,
"39",b00418,(KSW),"0",BUR,477475.17,5631623.45,9,0.23,
"40",b00419,(KSW),"0",LAE,477471.89,5631626,14,0.32,
"41",b00420,(BHW),"0",BUR,477661.55,5632265.6,11,0.1,
"42",b00421,(BHW),"0",BUR,477661.74,5632266,10,0.08,
"43",b00422,(BHW),"0",BUR,477661.81,5632267.7,12,0.12,
"44",b00423,(BHW),"0",BUR,477661.3,5632268.28,13,0.15,
"45",b00424,(BHW),"0",BUR,477660.94,5632267.63,13,0.12,
"46",b00425,(BHW),"0",BUR,477660.49,5632267.13,11,0.08,
"47",b00426,(BHW),"0",BUR,477659.45,5632265.25,12,0.11,
"48",b00427,(BHW),"0",BUR,477659.6,5632267.1,11,0.08,
"49",b00428,(BHW),"0",BUR,477659.11,5632268.28,8,0.07,
"50",b00429,(BHW),"0",BUR,477658.28,5632264.2,13,0.14,
"51",b00430,(BHW),"0",BUR,477656.89,5632267.91,10,0.1,
"52",b00431,(BHW),"0",FIG,477655.05,5632267.42,11,0.11,
"53",b00432,(BHW),"0",BUR,477655.11,5632264.35,16,0.25,
"54",b00433,(BHW),"0",BUR,477653.98,5632266.15,10,0.08,
"55",b00434,(BHW),"0",BUR,477653.13,5632266.05,11,0.09,
"56",b00435,(BHW),"0",BUR,477651.99,5632265.91,11,0.09,
"57",b00436,(BHW),"0",BIG,477651.77,5632263,16,0.37,
"58",b00437,(BHW),"0",BUR,477649.54,5632262.58,9,0.08,
"59",b00438,(BHW),"0",BUR,477648.56,5632257.94,14,0.15,
"60",b00439,(BHW),"0",HAS,477654.42,5632257.82,9,0.08,mehrstämmig
"61",b00520,(BHW),"0",BUR,477501.38,5632278.07,11,0.13,
"62",b00521,(BHW),"0",FIG,477494.75,5632274.97,17,0.11,
"63",b00522,(BHW),"0",FIG,477494.03,5632274.26,9,0.11,
"64",b00523,(BHW),"0",FIG,477492.32,5632272.41,11,0.09,
"65",b00524,(BHW),"0",FIG,477492.56,5632274.28,17,0.1,
"66",b00525,(BHW),"0",FIG,477490.63,5632275.64,17,0.1,
"67",b00526,(BHW),"0",BUR,477571.47,5632283.37,,0.09,tot
"68",b00527,(BHW),"0",BUR,477574.44,5632288.1,8,0.09,tot
"69",b00528,(BHW),"0",BUR,477580.68,5632291.07,10,0.09,tot
"70",b00529,(BHW),"0",BUR,477578.03,5632284.54,13,0.09,tot
"71",b00530,(BHW),"0",BUR,477580.21,5632277.33,6,0.08,tot
"72",b00531,(jk),"0",BUR,477415.37,5631972.04,,0.51,Kontrollplot exc-001
"73",b00532,(jk),"0",BUR,477411.09,5631968.86,,0.47,steht in exc-001
"74",b00533,(BHHK),"9999",BUR,477460,5631809,11,0.2,in exc-002
"75",b00534,(BHHK),"9999",BUR,477466,5631818,9,0.13,in exc-002
"76",b00535,(BHHK),"9999",BUR,477469,5631817,28,0.49,in exc-002
"77",b00536,(BHHK),"9999",BUR,477469,5631812,13,0.19,in exc-002
"78",b00537,(BHHK),"9999",BUR,477493,5631906,12.4,0.18,in exc-003
"79",b00538,(BHHK),"9999",BUR,477483,5631902,28.3,0.56,in exc-003
"80",b00539,(BHHK),"9999",BUR,477607,5631929,16,0.18,in exc-004
"81",b00540,(BHHK),"9999",EIT,477610,5631923,26,0.42,in exc-004
"82",b00541,(BHHK),"9999",BUR,477607,5631925,14,0.17,in exc-004
"83",b00542,(BHHK),"9999",BUR,477616,5631924,27,0.52,in exc-004
"84",b00543,(jk),"0",BUR,477704.41,5631924.46,,0.38,
"85",b00544,(jk),"0",BUR,477695.35,5631711.47,,0.15,
"86",b00545,(jk),"0",BUR,477693.8,5631711.29,,0.18,
"87",b00546,(jk),"0",BUR,477688.06,5631710.92,,0.33,
"88",b00547,(jk),"0",BUR,477683.42,5631725.36,,0.3,tot. liegt schief
"89",b00548,(dg),"1",BUR,477781.909,5632209.165,32,0.56,
"90",b00549,(dg),"1",BUR,477777.65,5632211.11,32,0.42,
"91",b00550,(dg),"1",EIT,477777.693,5632214.97,32,0.64,
"92",b00551,(dg),"1",BUR,477780.312,5632215.698,21,0.26,
"93",b00552,(dg),"1",EIT,477775.508,5632223.657,32,0.53,
"94",b00553,(dg),"1",BUR,477781.574,5632230.903,32,0.4,
"95",b00554,(dg),"1",EIT,477773.093,5632239.68,32,0.44,
"96",b00555,(dg),"1",EIT,477770.35,5632241.982,32,0.47,
"97",b00556,(dg),"1",EIT,477775.216,5632248.991,32,0.46,
"98",b00557,(dg),"1",EIT,477782.749,5632247.081,32,0.47,
"99",b00558,(dg),"1",EIT,477781.596,5632255.54,32,0.4,
"100",b00559,(dg),"1",EIT,477788.684,5632260.595,32,0.44,
"101",b00600,(jg),"9999",BUR,477904.82,5632790.09,,,. zwiesel. .
"102",b00601,(jg),"9999",BUR,477387.8,5631921.6,,,. zwiesel. .
"103",b00602,(jg),"9999",BUR,478964.79,5631384.22,,,. . .
"104",b00603,(jg),"9999",BUR,477934.35,5632807.46,,,. . .
"105",b00604,(jg),"9999",BUR,477241.48,5631665.41,,,. . .
"106",b00605,(jg),"9999",BUR,477799.84,5632698.74,,,. specht mittel. .
"107",b00606,(jg),"9999",BUR,478817.72,5630731.18,,,. specht klein. .
"108",b00607,(jg),"9999",EIT,476817.87,5631376.03,,,. . .
"109",b00608,(jg),"9999",EIT,475382.26,5631285.96,,,. rinde. .
"110",b00610,(jg),"9999",EIT,478163.03,5632737.62,,,tot. rinde. .
"111",b00611,(jg),"9999",BUR,477685.53,5631906.61,,,. . .
"112",b00612,(jg),"9999",BUR,477439.23,5632696.09,,,. zwiesel. .
"113",b00613,(jg),"9999",BUR,477276.82,5631919.63,,,. . .
"114",b00614,(jg),"9999",EIT,476884.42,5631659.76,,,. zwiesel. .
"115",b00615,(jg),"9999",EIT,475747.5,5631318.58,,,. rinde. .
"116",b00616,(KSW),"0",BUR,477241.58,5631635.65,20,0.65,vorhandener HabTree. Plakette von jg
"117",b00617,(jg),"9999",BUR,477320.16,5631649.18,,,. specht mittel. .
"118",b00618,(jg),"9999",BUR,478257.58,5632984.11,,,. astloch mittel. .
"119",b00621,(jg),"9999",EIT,477800.3,5632598.23,,,. specht mittel. .
"120",b00622,(jg),"9999",AHF,478009.47,5632435.65,,,. . .
"121",b00623,(jg),"9999",BUR,477425.56,5632044.29,,,. astloch gross. .
"122",b00624,(dg),"0",BUR,477480,5631719.22,,0.37,Zwiesel
"123",b00625,(jg),"9999",BUR,477506.6,5631501.89,,,. specht mittel. .
"124",b00626,(jg),"9999",EIT,477410.77,5631065.92,,,. specht mittel. .
"125",b00627,(jg),"9999",BUR,477221.33,5631822.95,,,. . .
"126",b00628,(jg),"9999",BUR,477504.42,5630868.05,,,. zwiesel. .
"127",b00629,(jg),"9999",BUR,478890.93,5630879.79,,,. zwiesel. .
"128",b00630,(jg),"0",BUR,477485.69,5631797.12,,0.58,Zwiesel
"129",b00632,(jg),"9999",BUR,477837.77,5632360.14,,,. Specht mittel. .
"130",b00635,(jg),"9999",BUR,477741.01,5631901.74,,,. zwiesel. .
"131",b00638,(jg),"9999",BUR,477769.61,5631734.18,,,. specht gross. .
"132",b00640,(BHW),"0",FIG,477653.58,5632257.67,19,0.34,
"133",b00641,(BHW),"0",BUR,477650.14,5632255.27,9,0.09,
"134",b00642,(BHW),"0",BUR,477650.37,5632253.92,14,0.3,
"135",b00643,(BHW),"0",BUR,477654.17,5632255.75,12,0.09,
"136",b00644,(BHW),"0",BUR,477654.74,5632255.86,16,0.17,
"137",b00645,(BHW),"0",BUR,477655.44,5632255.85,10,0.09,
"138",b00646,(BHW),"0",BUR,477574.22,5632290.73,15,0.18,
"139",b00647,(BHW),"0",BUR,477574.65,5632292.22,16,0.11,
"140",b00648,(BHW),"0",BUR,477574.96,5632291.13,16,0.1,
"141",b00649,(BHW),"0",BUR,477575.64,5632291.82,17,0.13,
"142",b00650,(BHW),"0",BUR,477578.21,5632291.54,17,0.11,
"143",b00651,(BHW),"0",BUR,477576.32,5632287.83,18,0.16,
"144",b00652,(BHW),"0",BUR,477577.58,5632288.54,15,0.1,
"145",b00653,(BHW),"0",BUR,477579.04,5632289.77,12,0.09,
"146",b00654,(BHW),"0",BUR,477580.51,5632289.36,17,0.11,
"147",b00655,(BHW),"0",BUR,477581.18,5632289.81,11,0.08,
"148",b00656,(BHW),"0",BUR,477575.86,5632285.75,23,0.38,
"149",b00657,(BHW),"0",BUR,477582.34,5632288.77,19,0.23,
"150",b00658,(BHW),"0",BUR,477578.69,5632285.14,22,0.28,
"151",b00659,(BHW),"0",BUR,477580.97,5632278.5,18,0.14,
"152",b00660,(BHW),"0",BUR,477578.32,5632278.19,11,0.08,tot
"153",b00661,(BHW),"0",BUR,477576.71,5632278,24,0.28,
"154",b00662,(BHW),"0",BUR,477576.41,5632276.5,19,0.11,
"155",b00663,(BHW),"0",BUR,477574.87,5632275.6,22,0.24,
"156",b00664,(BHW),"0",BUR,477574.39,5632275.59,9,0.09,
"157",b00665,(BHW),"0",BUR,477572.42,5632280.6,17,0.12,
"158",b00666,(BHW),"0",BUR,477571.23,5632279.4,18,0.12,
"159",b00667,(BHW),"0",BUR,477570.53,5632280.15,21,0.16,
"160",b00668,(BHW),"0",BUR,477568.68,5632278.84,19,0.15,
"161",b00669,(BHW),"0",BUR,477568.94,5632280.35,20,0.1,
"162",b00670,(BHW),"0",BUR,477569.22,5632282.37,21,0.2,
"163",b00671,(BHW),"0",BUR,477566.86,5632285.64,,0.19,
"164",b00672,(BHW),"0",BUR,477566.54,5632286.45,20,0.38,
"165",b00673,(dg),"1",BUR,477809.538,5632211.897,32,0.55,
"166",b00674,(dg),"1",BUR,477813.199,5632212.785,25,0.27,
"167",b00675,(dg),"1",EIT,477792.714,5632217.13,32,0.42,
"168",b00676,(dg),"1",BUR,477788.058,5632214.366,28,0.33,
"169",b00677,(dg),"1",EIT,477788.8,5632202.658,32,0.52,
"170",b00678,(dg),"1",BUR,477781.954,5632201.395,32,0.5,
"171",b00679,(dg),"1",EIT,477769.643,5632207.602,,0.6,tot
"172",b00680,(BHW),"0",BUR,477501.61,5632279.89,15,0.11,
"173",b00681,(BHW),"0",BUR,477500.99,5632274.33,10,0.13,
"174",b00682,(BHW),"0",BUR,477498.94,5632274.9,15,0.18,
"175",b00683,(BHW),"0",BUR,477499.27,5632274.16,5,0.11,
"176",b00684,(BHW),"0",BUR,477499.6,5632273.11,15,0.17,
"177",b00685,(BHW),"0",BUR,477500.39,5632272.1,17,0.25,
"178",b00686,(BHW),"0",FIG,477497.82,5632271.73,12,0.09,
"179",b00687,(BHW),"0",FIG,477497.31,5632270.07,16,0.26,
"180",b00688,(BHW),"0",FIG,477496.05,5632272.75,12,0.13,
"181",b00689,(BHW),"0",FIG,477495.35,5632274.02,15,0.25,
"182",b00690,(BHW),"0",FIG,477495.12,5632271.82,17,0.32,
"183",b00691,(BHW),"0",FIG,477494.3,5632269.21,15,0.21,
"184",b00692,(BHW),"0",FIG,477493.07,5632271.02,21,0.28,
"185",b00693,(BHW),"0",FIG,477490.67,5632271.27,15,0.12,
"186",b00694,(BHW),"0",FIG,477491.03,5632273.41,20,0.3,
"187",b00695,(BHW),"0",FIG,477492.31,5632276.82,18,0.22,
"188",b00696,(BHW),"0",FIG,477488.57,5632275.3,18,0.18,
"189",b00697,(BHW),"0",FIG,477490.86,5632276.92,19,0.18,
"190",b00698,(BHW),"0",FIG,477487.19,5632276.64,19,0.2,
"191",b00699,(BHW),"0",FIG,477493.05,5632278.71,18,0.26,
"192",b00700,(BHW),"0",FIG,477490.47,5632278.18,20,0.24,
"193",b00701,(BHW),"0",FIG,477486.65,5632277.49,19,0.21,
"194",b00702,(BHW),"0",ASP,477492.06,5632281.32,18,0.2,
"195",b00703,(BHW),"0",ASP,477491.47,5632281.47,,0.13,abgebrochen auf 1.6 m. Stamm liegt daneben
"196",b00704,(BHW),"0",BUR,477488.47,5632282.21,17,0.18,
"197",b00705,(BHW),"0",FIG,477488.27,5632283.01,18,0.32,
"198",b00706,(BHW),"0",ASP,477491.33,5632282.51,19,0.27,
"199",b00707,(BHHK),"0",BUR,477909.11,5632312.05,16.4,0.3,Zwiesel
"200",b00708,(BHHK),"0",BUR,477910.47,5632315.79,15.6,0.23,
"201",b00709,(BHHK),"0",BUR,477914.65,5632314.58,12.3,0.28,
"202",b00710,(BHHK),"0",BUR,477905.88,5632305.32,7.8,0.19,
"203",b00711,(BHHK),"0",EIT,477906.57,5632307.29,24,0.52,
"204",b00712,(BHHK),"0",BUR,477905.58,5632309,8.6,0.2,
"205",b00713,(BHHK),"0",EIT,477904.02,5632315.89,25.2,0.71,
"206",b00714,(BHHK),"0",EIT,478007.34,5632273,18,0.47,
"207",b00715,(BHHK),"0",BUR,478007.97,5632274.23,12,0.22,
"208",b00716,(BHHK),"0",BUR,478005.04,5632281.48,11,0.25,
"209",b00717,(BHHK),"0",BUR,478013.65,5632279.64,10.5,0.24,
"210",b00718,(BHHK),"0",BUR,478013.18,5632274.36,10.3,0.21,
"211",b00719,(BHHK),"0",BUR,478016.6,5632273,15.5,0.15,
"212",b00723,(BHHK),"0",EIT,478015.34,5632271.88,10,0.48,
"213",b00724,(BHHK),"0",BUR,478007.65,5632269.29,16,0.26,
"214",b00725,(BHHK),"0",BUR,478002.86,5632267.85,7,0.12,
"215",b00726,(BHHK),"0",EIT,478001.4,5632273,16,0.48,
"216",b00727,(BHHK),"0",BUR,478001.65,5632274.3,8.5,0.19,
"217",b00728,(dg),"0",FIG,476507.81,5631966.69,36.5,0.46,
"218",b00729,(dg),"0",DGL,476496.51,5631970.69,36.5,0.48,
"219",b00730,(dg),"0",FIG,476496.81,5631962.44,36.5,0.61,
"220",b00731,(dg),"0",FIG,476493.41,5631966.87,36.5,0.44,
"221",b00732,(dg),"0",DGL,476490.66,5631970.93,36.5,0.49,
"222",b00733,(dg),"0",DGL,476488.78,5631971.53,36.5,0.34,
"223",b00734,(dg),"0",DGL,476488.56,5631966.79,36.5,0.67,
"224",b00735,(dg),"0",DGL,476480.7,5631972.65,36.5,0.69,
"225",b00736,(dg),"0",FIG,476487.76,5631979.28,36.5,0.55,
"226",b00737,(dg),"0",FIG,476487.43,5631981.67,36.5,0.29,
"227",b00738,(dg),"0",DGL,476484.15,5631982.07,36.5,0.74,
"228",b00739,(dg),"0",FIG,476488.17,5631987.06,36.5,0.41,
"229",b00740,(dg),"0",DGL,476484.7,5631988.04,36.5,0.58,
"230",b00741,(dg),"0",DGL,476495.77,5631990.38,36.5,0.86,
"231",b00742,(dg),"0",DGL,476491.03,5631993.77,36.5,0.57,
"232",b00743,(dg),"0",FIG,476494.09,5631997.23,36.5,0.62,2019-03-28 gefällt in März 2019 und abgeräumt nur noch Stumpf
"233",b00744,(dg),"0",FIG,476498.77,5631988.18,36.5,0.39,
"234",b00745,(dg),"0",DGL,476496.08,5631983.57,36.5,0.68,
"235",b00746,(dg),"0",DGL,476501.35,5631982.63,36.5,0.69,
"236",b00747,(dg),"0",BUR,477406.96,5631975,17,0.2,umgefallen mit Wurzelteller bei Fällung von b00920
"237",b00760,(jg),"9999",BUR,476945.34,5631816.56,,,tot. Specht mittel. .
"238",b00761,(jg),"9999",na,476601.71,5631455.01,,,. Specht mittel. .
"239",b00763,(jg),"9999",BUR,476825,5631932,,,. Specht gross. nicht im mobile mapper.
"240",b00764,(jg),"9999",BUR,476935,5631967,,,. zwiesel. nicht im mobile mapper.
"241",b00766,(jg),"9999",EIT,477010,5630096,,,tot. rinde. gegenüber c7.
"242",b00767,(jg),"9999",HBU,476886,5630105,,,tot. rinde. .
"243",b00768,(jg),"9999",EIT,476675,5630355,,,tot. rind3. .
"244",b00769,(jg),"9999",BUR,477477,5630895,,,. zwiesel. .
"245",b00770,(jg),"9999",BUR,476060,5631876,,,. zwiesel und specht. Anhand der Antennensignale prüfen wann welcher Baum besetzt war.
"246",b00771,(jg),"9999",BUR,477182,5631194,,,. zwiesel. 2017.
"247",b00772,(jg),"0",BUR,477644,5631581,,,. Specht mittel. 2017.
"248",b00773,(jg),"9999",BUR,477757,5631734,,,. . 2017.
"249",b00774,(jg),"9999",EIT,477326,5630402,,,tot. Rinde . .
"250",b00775,(jg),"9999",BUR,477414,5630454,,,. Specht mittel. .
"251",b00776,(jg),"9999",BUR,477893,5632739,,,. . Koordinaten fehlen . bei c1
"252",b00778,(jg),"9999",EIT,477027,5630053,,,. Rinde Seitenast. Koordination fehlen. nahe erstem Qb
"253",b00779,(jg),"9999",BUR,477368,5631780,,,. . Koordinaten fehlen . bei eschen
"254",b00780,(jg),"9999",BUR,477520,5631519,,,. zwiesel. .
"255",b00781,(jg),"9999",EIT,477488,5631198,,,tot. rinde. .
"256",b00782,(jg),"9999",BUR,477041,5631831,,,. zwiesel. .
"257",b00783,(jg),"9999",EIT,477034,5629794,,,. rinde. überprüfen .
"258",b00784,(jg),"9999",BUR,477263,5631640,,,. . .
"259",b00786,(jg),"9999",BUR,477374,5631770,,,. . .
"260",b00787,(jg),"9999",BUR,477871.75,5632262.5,,0.27,. Specht und zwiesel. . /2019-03-19 auf plot eingemessen
"261",b00788,(jg),"9999",BUR,477533,5630592,,,. specht. .
"262",b00789,(jg),"9999",BUR,477402,5631225,,,. zwiesel. .
"263",b00790,(jg),"9999",BUR,477722,5632392,,,. . .
"264",b00791,(jg),"9999",BUR,477034,5630024,,,tot. rinde. nahe erster Qb.
"265",b00792,(jg),"9999",BUR,477508,5630506,,,. zwiesel. nahe 9788.
"266",b00793,(jg),"9999",BUR,477549,5630917,,,. Specht mittel. .
"267",b00794,(jg),"9999",EIT,477593,5631638,,,. Gesplitteter Ast. .
"268",b00802,(GHKLRRS),"0",BUR,477352.85,5631882.5,13.4,0.2,
"269",b00803,(jk),"0",BUR,477652.58,5632265.99,,0.08,
"270",b00804,(DGLJS),"0",BUR,477696,5632512,3,0.17,ganzer Stamm abgebrochen. Krone hängt daneben. oben offen. nicht hohl. lebt NOCH
"271",b00805,(DGLJS),"0",HBU,477674,5632408,20.5,0.68,
"272",b00806,(DGLJS),"9999",BUR,477676,5632399,8.3,0.71,Baum oben offen. nicht hohl. über und unter 4m Risse. Koordinaten von Hand gesetzt
"273",b00807,(dg),"0",BUR,477602.84,5631701.33,,0.46,tot
"274",b00808,(DGLJS),"0",BUR,477948,5632162,28,0.39,
"275",b00809,(DGLJS),"0",EIT,477667,5632454,29.8,0.51,mehrere Rindenabschürfungen. Höhle auf ca 4m
"276",b00810,(DGLJS),"0",EIT,477917.126,5632087.328,25.6,0.98,
"277",b00811,(dg),"0",BUR,477444.46,5631979.1,,0.54,wurde Februar 2019 geringelt
"278",b00812,(dg),"0",BUR,477419.54,5631965.69,,0.57,wurde Februar 2019 geringelt
"279",b00813,(dg),"0",EIT,477404.81,5632187.98,,0.8,
"280",b00814,(dg),"0",EIT,477380.23,5632123.32,,0.94,
"281",b00815,(jk),"0",BUR,477518.84,5631786.76,,0.51,
"282",b00816,(SBSF),"0",BUR,477564.63,5631787.89,56.2,0.48,
"283",b00817,(DGLJS),"0",BUR,477809,5632325,43.9,0.53,
"284",b00818,(DGLJS),"0",BUR,477796,5632316,11.7,0.23,
"285",b00819,(DGLJS),"0",BUR,477816,5632274,8.5,0.14,Risse bzw. Höhlen. auch über 4m tiefe Risse
"286",b00820,(DGLJS),"0",BUR,477807,5632259,13.8,0.37,auch dünne tote Äste
"287",b00821,(DGLJS),"0",BUR,477842.2,5632236.82,9,0.16,oben offen. keine Krone. tot
"288",b00822,(DGLJS),"0",BUR,477851.49,5632237.93,22.4,0.23,Spalt bis Fuß
"289",b00840,(dg),"0",BUR,477609.75,5631929.6,35,0.5,umgefallen mit Wurzelteller im Orkantief Burglind 2018-01-03
"290",b00841,(dg),"0",BUR,477381.95,5632109.97,,0.57,
"291",b00842,(dg),"0",EIT,477416.51,5632097.56,,1.34,
"292",b00844,(dg),"0",BUR,477519.15,5631926.02,,0.25,tot
"293",b00845,(jk),"0",BUR,477500.08,5632276.63,,0.08,
"294",b00846,(jk),,FIG,477490.05,5632271.7,,0.1,tot
"295",b00847,(jk),,BUR,477500.16,5632286.91,,0.09,tot
"296",b00848,(BHW),"0",BUR,477564.34,5632285.17,20,0.29,Plakette neu gesetzt dg 31.8.2018
"297",b00849,(dg),"0",BUR,477345.99,5632260.92,,0.62,
"298",b00850,(dg),"0",EIT,477362.55,5632194.31,,0.54,
"299",b00851,(dg),"0",EIT,477399.28,5632265.05,,1.19,
"300",b00852,(DGLJS),"9999",HBU,477695,5632380,11.5,0.28,auch längere Risse auf unter und über 4m Höhe. allerdings oberflächlich / gleiche Koordinaten wie b000018
"301",b00853,(DGLJS),"1",BUR,477780.525,5632230.584,18.7,0.2,
"302",b00854,(DGLJS),"0",BUR,477808,5632246,8.3,0.16,nur ein Stück oben hohl
"303",b00855,(DGLJS),"0",HBU,477788,5632251,10.4,0.21,
"304",b00856,(DGLJS),"0",BUR,477767,5632277,12.7,0.22,
"305",b00857,(DGLJS),"0",BUR,477796,5632291,5,0.21,sehr morsch
"306",b00858,(DGLJS),"0",BUR,477803,5632237,7.5,0.19,
"307",b00859,(DGLJS),"0",BUR,477742,5632286,17.5,0.21,
"308",b00860,(DGLJS),"1",BUR,477749.425,5632277.659,25.4,0.39,
"309",b00861,(DGLJS),"1",BUR,477744.385,5632282.04,14,0.31,
"310",b00862,(DGLJS),"1",BUR,477743.785,5632274.202,24.3,0.54,
"311",b00863,(DGLJS),"1",HBU,477736.481,5632279.568,27,0.46,auch lange Risse unter 4m Höhe und kleine tiefe Risse über 4m
"312",b00864,(DGLJS),"1",HBU,477737.899,5632261.17,32.8,0.38,
"313",b00865,(DGLJS),"1",HBU,477729.614,5632270.572,26.6,0.36,auch kleine tiefe Risse unter 4m Höhe
"314",b00866,(DGLJS),"1",EIT,477722.574,5632271.074,34.5,0.66,
"315",b00867,(DGLJS),"1",ERS,477714.731,5632275.961,6.4,0.58,morsch. oben offen. aber nicht hohl
"316",b00868,(DGLJS),"0",AHF,477726,5632281,16.5,0.2,
"317",b00869,(DGLJS),"0",EIT,477704.55,5632337.62,6,0.7,viele Baumpilze. jedoch unter 25%. Totholz
"318",b00870,(DGLJS),"0",HBU,477693.83,5632348.66,16.2,0.22,
"319",b00871,(DGLJS),"0",EIT,477692,5632400,21.6,0.17,Koordinaten geschätzt
"320",b00872,(DGLJS),"0",BUR,477677,5632351,8.8,0.17,
"321",b00873,(DGLJS),"0",BUR,477689,5632375,4,0.23,oben offen. keine Krone aber nicht hohl oder tot
"322",b00874,(DGLJS),"0",BUR,477690,5632369,13,0.27,auch oberflächliche Risse unter 1m unter 4m Höhe
"323",b00875,(DGLJS),"0",BUR,477755,5632371,15.8,0.22,sehr tiefer Riss
"324",b00876,(DGLJS),"9999",BUR,477704,5632378,7.2,0.26,Spalt bis unten. sehr tief. auch kurze tiefe Risse auf <4m
"325",b00877,(DGLJS),"9999",BUR,477704,5632378,6,0.2,Baum nicht tot. aber ohne Krone und oben offen
"326",b00878,(DGLJS),"9999",BUR,477704,5632378,3.5,0.1,
"327",b00879,(DGLJS),"0",BUR,477796,5632338,29.3,0.76,tot. viel Rinde ab und lose. stammartiger Ast steckt abgebrochen neben Stamm im Boden. Rindenschürfung auf jeder Höhe
"328",b00880,(DGLJS),"0",BUR,477364.19,5632159.32,24.1,0.54,
"329",b00881,(DGLJS),"0",BUR,477355.23,5632161.62,8.4,0.45,
"330",b00882,(dg),"0",BUR,477510.13,5631715.61,,0.32,
"331",b00884,(KSW),"0",BUR,477710.3,5631727.21,28,0.62,
"332",b00885,(KSW),"0",BUR,477704.17,5631721.52,25,0.54,
"333",b00886,(KSW),"0",BUR,477702.1,5631732.84,5,0.13,
"334",b00887,(KSW),"0",BUR,477705.06,5631732.39,28,0.7,
"335",b00888,(KSW),"0",BUR,477718.95,5631726.74,24,0.6,
"336",b00889,(dg),"0",BUR,477149.79,5631798.5,,0.39,tot
"337",b00890,(dg),"1",EIT,477795.834,5632237.103,32,0.39,
"338",b00891,(dg),"0",BUR,477522.2,5631822.05,,0.62,
"339",b00892,(dg),"1",EIT,477791.566,5632247.076,32,0.37,
"340",b00893,(jk),"0",EIT,477585.71,5631878.35,,0.49,
"341",b00894,(dg),"0",BUR,477191.82,5631643.67,,0.83,
"342",b00895,(dg),"1",EIT,477787.514,5632255.753,32,0.48,
"343",b00896,(dg),"1",BUR,477813.099,5632206.941,17,0.25,
"344",b00897,(KSW),"0",BUR,477607.33,5631531.6,18,0.32,
"345",b00898,(KSW),"0",BUR,477604.58,5631538.19,20,0.48,
"346",b00899,(KSW),"0",BUR,477604.83,5631543.68,11,0.16,
"347",b00900,(KSW),"0",EIT,477603.38,5631545.49,19,0.59,
"348",b00901,(KSW),"0",EIT,477612.49,5631547.07,20,0.45,
"349",b00902,(KSW),"0",BUR,477604.53,5631610.3,10,0.19,
"350",b00903,(KSW),"0",EIT,477591.44,5631614.41,22,0.56,
"351",b00904,(KSW),"0",BUR,477598.83,5631621.59,19,0.45,
"352",b00905,(KSW),"0",EIT,477599.14,5631627.1,20,0.57,
"353",b00906,(KSW),"0",BUR,477605.13,5631619.6,12,0.29,
"354",b00907,(KSW),"0",EIT,477606.21,5631614.7,20,0.5,
"355",b00908,(dg),"0",FIG,476504.93,5631989.83,36.5,0.51,
"356",b00909,(dg),"0",FIG,476508.36,5631986.15,36.5,0.57,
"357",b00910,(dg),"0",FIG,476510.32,5631988.6,36.5,0.76,2019-03-28 gefällt in März 2019 und abgeräumt nur noch Stumpf
"358",b00911,(dg),"0",DGL,476510.91,5631996.67,36.5,0.63,
"359",b00912,(dg),"0",FIG,476505.65,5631994.25,36.5,0.39,
"360",b00913,(dg),"0",FIG,476506.14,5631998.38,36.5,0.49,
"361",b00914,(dg),"0",DGL,476499.61,5632002.18,36.5,0.59,
"362",b00915,(dg),"0",FIG,476510.15,5632008.34,36.5,0.49,
"363",b00916,(dg),"0",DGL,476516.13,5632015.52,36.5,0.67,
"364",b00917,(dg),"0",DGL,476525.68,5632004.99,36.5,0.59,
"365",b00918,(dg),"0",FIG,476516.67,5631993.9,36.5,0.45,2019-03-28 gefällt in März 2019 und abgeräumt nur noch Stumpf
"366",b00919,(dg),"0",BUR,476514.53,5631976.19,,,2019-03-20 Buche Core beprobt in FIG-DGL Plot
"367",b00920,(dg),"0",BUR,477400.03,5631978.26,,0.54,wurde Februar 2019 gefällt und bleibt liegen
"368",b00921,(dg),"0",BUR,477347.08,5631879.2,,0.66,
"369",b00922,(dg),"0",BUR,477417.79,5631993.44,,0.51,wurde Februar 2019 gefällt und bleibt liegen
"370",b00923,(jk),"0",BUR,477657.76,5632266.95,,0.07,
"371",b00924,(dg),"0",BUR,477390,5631857,36.5,0.53,2019-03-23 umgefallen März 2019 über Tälchen
"372",b00925,(dg),"0",EIT,477554.32,5632246.2,,0.7,tot. abgebrochen auf 7m. Stamm 20m daneben. Krone fehlt
"373",b00927,(dg),"0",BUR,477348.13,5632041.26,,0.32,
"374",b00928,(dg),"0",BUR,477623.93,5631716.1,,0.38,tot
"375",b00929,(DGLJS),"0",BUR,477699,5632469,31.3,0.39,
"376",b00930,(DGLJS),"0",WES,477709,5632070,,,Plakette gesetzt bei Plotaufnahme fs-030 22.05.2017 aber nicht dokumentiert. Plakette wiedergefunden und eingtragen 17.04.2018. dg. Koordinaten geschätz
"377",b00931,(BHW),"0",BUR,477564.36,5632287.69,20,0.26,Plakette neu gesetzt dg 31.8.2018
"378",b00932,(DGLJS),"0",BUR,477563.64,5632125.32,15.7,0.21,
"379",mof_cst_00001,(ml),"100",BUR,477704.431,5632016.666,,,natur40 Baum
"380",mof_cst_00002,(ml),"100",BUR,477754.59212,5632039.68833,,,natur40 Baum
"381",mof_cst_00003,(ml),"999",BUR,476853.88135,5632264.57441,,,natur40 Baum
"382",mof_cst_00004,(ml),"999",BUR,477295.26246,5631710.35549,,,natur40 Baum
"383",mof_cst_00005,(ml),"999",BUR,477218.08825,5631769.77102,,,natur40 Baum
"384",mof_cst_00006,(ml),"999",BUR,477666.59722,5631775.82517,,,natur40 Baum
"385",mof_cst_00007,(ml),"999",BUR,477114.50993,5632129.33549,,,natur40 Baum
"386",mof_cst_00008,(ml),"100",BUR,477727.97071,5632374.38621,,,natur40 Baum
"387",mof_cst_00009,(ml),"999",BUR,477367.39057,5631917.86247,,,natur40 Baum
"388",mof_cst_00010,(ml),"999",BUR,476833.98599,5632121.08803,,,natur40 Baum
"389",mof_cst_00011,(ml),"999",BUR,477020.22891,5632075.69162,,,natur40 Baum
"390",mof_cst_00012,(ml),"999",BUR,477688.22897,5631823.67467,,,natur40 Baum
"391",mof_cst_00013,(ml),"999",BUR,477559.68276,5632473.23115,,,natur40 Baum
"392",mof_cst_00014,(ml),"999",BUR,477162.87588,5631634.93626,,,natur40 Baum
"393",mof_cst_00015,(ml),"999",BUR,477499.52011,5631892.59487,,,natur40 Baum
"394",mof_cst_00016,(ml),"999",BUR,477136.89991,5631782.91182,,,natur40 Baum
"395",mof_cst_00017,(ml),"999",BUR,477635.93268,5632477.2859,,,natur40 Baum
"396",mof_cst_00018,(ml),"999",BUR,477181.14739,5632363.98166,,,natur40 Baum
"397",mof_cst_00019,(ml),"999",BUR,476765.77891,5632075.10485,,,natur40 Baum
"398",mof_cst_00020,(ml),"999",BUR,477508.679,5631705.282,,,natur40 Baum
"399",mof_cst_00021,(ml),"999",BUR,476609.62071,5632149.2019,,,natur40 Baum
"400",mof_cst_00022,(ml),"999",BUR,477376.57396,5632448.30612,,,natur40 Baum
"401",mof_cst_00023,(ml),"999",BUR,477334.62387,5632369.30251,,,natur40 Baum
"402",mof_cst_00024,(ml),"999",BUR,478093.98015,5632160.05663,,,natur40 Baum
"403",mof_cst_00025,(ml),"999",BUR,477423.17321,5631852.38007,,,natur40 Baum
"404",mof_cst_00026,(ml),"999",BUR,476982.82094,5631848.06267,,,natur40 Baum
"405",mof_cst_00027,(ml),"999",BUR,477016.18866,5632383.77617,,,natur40 Baum
"406",mof_cst_00028,(ml),"100",BUR,477706.86264,5632326.05586,,,natur40 Baum
"407",mof_cst_00029,(ml),"999",BUR,477423.68779,5632358.29602,,,natur40 Baum
"408",mof_cst_00030,(ml),"999",BUR,477057.80631,5632609.37974,,,natur40 Baum
"409",mof_cst_00031,(ml),"999",BUR,477623.5069,5632566.91041,,,natur40 Baum
"410",mof_cst_00032,(ml),"999",BUR,477266.58204,5631807.70994,,,natur40 Baum
"411",mof_cst_00033,(ml),"999",BUR,476762.81403,5632237.13098,,,natur40 Baum
"412",mof_cst_00034,(ml),"999",BUR,477284.7082,5632392.84576,,,natur40 Baum
"413",mof_cst_00035,(ml),"999",BUR,477261.4109,5632659.61986,,,natur40 Baum
"414",mof_cst_00036,(ml),"999",BUR,477558.12774,5631814.5592,,,natur40 Baum
"415",mof_cst_00037,(ml),"999",BUR,477213.34077,5632685.92896,,,natur40 Baum
"416",mof_cst_00038,(ml),"999",BUR,477481.2058,5632325.65314,,,natur40 Baum
"417",mof_cst_00039,(ml),"999",BUR,477412.3964,5632051.88873,,,natur40 Baum
"418",mof_cst_00040,(ml),"999",BUR,476983.23327,5632529.93105,,,natur40 Baum
"419",mof_cst_00041,(ml),"999",BUR,477934.74796,5632297.0602,,,natur40 Baum
"420",mof_cst_00042,(ml),"999",BUR,476680.73475,5632080.35575,,,natur40 Baum
"421",mof_cst_00043,(ml),"999",BUR,477060.42374,5632537.76867,,,natur40 Baum
"422",mof_cst_00044,(ml),"999",BUR,477736.97767,5631907.35378,,,natur40 Baum
"423",mof_cst_00045,(ml),"999",BUR,476860.44821,5632311.02936,,,natur40 Baum
"424",mof_cst_00046,(ml),"999",BUR,477055.07574,5632211.87379,,,natur40 Baum
"425",mof_cst_00047,(ml),"999",BUR,477222.44204,5631649.99281,,,natur40 Baum
"426",mof_cst_00048,(ml),"999",BUR,476786.09233,5632191.81079,,,natur40 Baum
"427",mof_cst_00049,(ml),"999",BUR,477546.2816,5632419.40938,,,natur40 Baum
"428",mof_cst_00050,(ml),"100",BUR,477818.15129,5632010.30915,,,natur40 Baum
"429",mof_cst_00051,(ml),"100",EIT,477830.17467,5632168.85581,,,natur40 Baum
"430",mof_cst_00052,(ml),"100",EIT,477814.07473,5632203.04734,,,natur40 Baum
"431",mof_cst_00053,(ml),"999",EIT,477133.03517,5631595.18375,,,natur40 Baum
"432",mof_cst_00054,(ml),"999",EIT,477002.697,5631760.3704,,,natur40 Baum
"433",mof_cst_00055,(ml),"999",EIT,476959.71153,5631801.1363,,,natur40 Baum
"434",mof_cst_00056,(ml),"999",EIT,476903.08071,5631819.78669,,,natur40 Baum
"435",mof_cst_00057,(ml),"999",EIT,476832.95038,5631835.01116,,,natur40 Baum
"436",mof_cst_00058,(ml),"999",EIT,476903.86672,5631956.31059,,,natur40 Baum
"437",mof_cst_00059,(ml),"999",EIT,476932.1421,5631914.68148,,,natur40 Baum
"438",mof_cst_00060,(ml),"999",EIT,477582.21411,5631492.15708,,,natur40 Baum
"439",mof_cst_00061,(ml),"999",EIT,477622.31627,5631558.91913,,,natur40 Baum
"440",mof_cst_00062,(ml),"999",EIT,477681.72853,5631585.85388,,,natur40 Baum
"441",mof_cst_00063,(ml),"999",EIT,477604.53475,5631680.54165,,,natur40 Baum
"442",mof_cst_00064,(ml),"999",EIT,477695.94589,5631694.64574,,,natur40 Baum
"443",mof_cst_00065,(ml),"999",EIT,477474.61084,5631740.86101,,,natur40 Baum
"444",mof_cst_00066,(ml),"999",EIT,477457.19852,5631806.85875,,,natur40 Baum
"445",mof_cst_00067,(ml),"999",EIT,477718.28514,5631747.92073,,,natur40 Baum
"446",mof_cst_00068,(ml),"999",EIT,477556.88685,5631872.99004,,,natur40 Baum
"447",mof_cst_00069,(ml),"999",EIT,477622.6922,5631930.87887,,,natur40 Baum
"448",mof_cst_00070,(ml),"999",EIT,477565.96582,5631953.79152,,,natur40 Baum
"449",mof_cst_00071,(ml),"999",EIT,477887.47701,5632052.62044,,,natur40 Baum
"450",mof_cst_00072,(ml),"100",EIT,477824.18811,5632083.77479,,,natur40 Baum
"451",mof_cst_00073,(ml),"100",EIT,477748.23729,5632104.13039,,,natur40 Baum
"452",mof_cst_00074,(ml),"999",EIT,477877.43661,5632190.79948,,,natur40 Baum
"453",mof_cst_00075,(ml),"999",EIT,477942.99282,5632185.39273,,,natur40 Baum
"454",mof_cst_00076,(ml),"100",EIT,477770.45664,5632254.78833,,,natur40 Baum
"455",mof_cst_00077,(ml),"999",EIT,478060.92419,5632213.88263,,,natur40 Baum
"456",mof_cst_00078,(ml),"999",EIT,478039.79268,5632161.33247,,,natur40 Baum
"457",mof_cst_00079,(ml),"999",EIT,477985.86612,5632300.59042,,,natur40 Baum
"458",mof_cst_00080,(ml),"999",EIT,477494.3322,5632703.84115,,,natur40 Baum
"459",mof_cst_00081,(ml),"999",EIT,477405.38552,5632683.87735,,,natur40 Baum
"460",mof_cst_00082,(ml),"999",EIT,476964.98166,5631991.75674,,,natur40 Baum
"461",mof_cst_00083,(ml),"999",EIT,477097.59347,5631903.94433,,,natur40 Baum
"462",mof_cst_00084,(ml),"999",EIT,477168.57603,5631916.32323,,,natur40 Baum
"463",mof_cst_00085,(ml),"999",EIT,477214.02553,5631942.9031,,,natur40 Baum
"464",mof_cst_00086,(ml),"999",EIT,476985.11904,5632261.14361,,,natur40 Baum
"465",mof_cst_00087,(ml),"999",EIT,477014.36954,5632479.17816,,,natur40 Baum
"466",mof_cst_00088,(ml),"999",EIT,477374.93132,5632219.59954,,,natur40 Baum
"467",mof_cst_00089,(ml),"999",EIT,477369.77439,5632163.48541,,,natur40 Baum
"468",mof_cst_00090,(ml),"999",EIT,477416.83045,5632121.69462,,,natur40 Baum
"469",mof_cst_00091,(ml),"999",EIT,476544.8743,5632188.31929,,,natur40 Baum
"470",mof_cst_00092,(ml),"999",EIT,476534.77304,5632241.50369,,,natur40 Baum
"471",mof_cst_00093,(ml),"999",EIT,476606.34681,5632270.88315,,,natur40 Baum
"472",mof_cst_00094,(ml),"999",EIT,476649.70258,5632309.24152,,,natur40 Baum
"473",mof_cst_00095,(ml),"999",EIT,476664.74014,5632377.05355,,,natur40 Baum
"474",mof_cst_00096,(ml),"999",EIT,476728.76466,5632354.12838,,,natur40 Baum
"475",mof_cst_00097,(ml),"999",EIT,476848.82509,5632448.85892,,,natur40 Baum
"476",mof_cst_00098,(ml),"999",EIT,476875.95094,5632401.32161,,,natur40 Baum
"477",mof_cst_00099,(ml),"999",EIT,476832.31424,5632369.82567,,,natur40 Baum
"478",mof_cst_00100,(ml),"999",EIT,476592.53058,5632195.95618,,,natur40 Baum
"479",r00001,(GRLGS),"0",HBU,477825.17,5632175.02,21.6,0.25,
"480",r00002,(GRLGS),"0",EIT,477827.26,5632175.27,38.8,0.51,
"481",r00003,(GRLGS),"0",HBU,477820.17,5632176.52,20.4,0.22,
"482",r00004,(GRLGS),"0",EIT,477820.26,5632180.16,39,0.56,
"483",r00005,(GRLGS),"0",BUR,477827.78,5632178.99,33.6,0.25,
"484",r00006,(GRLGS),"0",BUR,477829.97,5632181.51,26.6,0.22,
"485",r00007,(GRLGS),"0",BUR,477821.28,5632183.32,33.6,0.21,
"486",r00008,(GRLGS),"0",BUR,477828.68,5632172.63,19.6,0.18,
"487",r00009,(GRLGS),"0",EIT,477830.66,5632168.57,37.2,0.57,
"488",r00010,(GRLGS),"0",EIT,477828.98,5632169.99,36.6,0.48,
"489",r00011,(GRLGS),"0",BUR,477819.9,5632167.13,29.6,0.3,
"490",r00013,(DGLJS),"0",EIT,477368.78,5632160.33,17.9,0.51,
"491",r00014,(DGLJS),"0",EIT,477364.72,5632166.14,13.8,0.49,
"492",r00015,(DGLJS),"0",BUR,477357.92,5632170.38,16.7,0.45,
"493",r00017,(DGLJS),"0",BUR,477354.26,5632168.25,15.5,0.49,
"494",r00018,(DGLJS),"0",BUR,477360.54,5632153.41,9.8,0.14,
"495",r00019,(DGLJS),"0",BUR,477366.8,5632170.75,7.1,0.1,
"496",r00020,(DGLJS),"0",BUR,477361.79,5632155.66,9.8,0.1,
"497",r00021,(DGLJS),"0",BUR,477243.97,5631811.91,23.7,0.54,
"498",r00022,(DGLJS),"0",BUR,477248.76,5631813.1,31.4,0.46,
"499",r00023,(DGLJS),"0",BUR,477250.39,5631818.74,34.1,0.48,
"500",r00024,(DGLJS),"0",BUR,477256.53,5631813.16,21.4,0.42,
"501",r00025,(DGLJS),"0",BUR,477259.12,5631820.66,19.9,0.3,
"502",r00026,(DGLJS),"0",BUR,477467.1,5631828.51,22.1,0.53,
"503",r00027,(DGLJS),"0",BUR,477465.36,5631827.51,11.1,0.14,
"504",r00028,(DGLJS),"0",BUR,477469.49,5631833.35,30.4,0.46,
"505",r00029,(DGLJS),"0",BUR,477475.27,5631833.9,11.3,0.14,
"506",r00030,(DGLJS),"0",BUR,477478.17,5631832.79,24.7,0.51,Abt. 3 mittelhang. dm-005
"507",r00031,(DGLJS),"0",BUR,477474.94,5631824.9,7.2,0.11,
"508",r00032,(DGLJS),"0",BUR,477477.96,5631827.08,9.3,0.07,
"509",r00033,(DGLJS),"0",BUR,477464.12,5631823.32,21.6,0.51,
"510",r00034,(DGLJS),"0",BUR,477460.42,5631831.71,8.6,0.17,
"511",r00035,(DGLJS),"0",EIT,477462.87,5631834.38,20.3,0.37,Abt. 3 mittelhang. dm-005
"512",r00037,(DGLJS),"0",BUR,477712.14,5632076.58,11.8,0.13,
"513",r00038,(DGLJS),"0",BUR,477716.63,5632071.29,11.8,0.12,
"514",r00039,(DGLJS),"0",BUR,477713.96,5632070.35,11.8,0.17,
"515",r00040,(DGLJS),"0",BUR,477907.04,5632166.7,24.8,0.25,
"516",r00041,(DGLJS),"0",EIT,477914.23,5632160.59,28.8,0.58,
"517",r00042,(DGLJS),"0",BUR,477916.4,5632160.97,10.1,0.28,
"518",r00043,(DGLJS),"0",EIT,477915.51,5632157.03,30.3,0.56,
"519",r00044,(DGLJS),"0",EIT,477905.21,5632160.39,26,0.55,
"520",r00045,(DGLJS),"0",BUR,477408.08,5632086.17,23.3,0.44,
"521",r00046,(DGLJS),"0",EIT,477407.57,5632076.95,13.4,0.32,
"522",r00047,(DGLJS),"0",BUR,477407.42,5632090.18,13.6,0.51,
"523",r00048,(DGLJS),"0",BUR,477399.49,5632086.64,18.4,4.39,
"524",r00049,(DGLJS),"0",EIT,477395.85,5632089.52,17.9,0.78,
"525",r00050,(GRLGS),"0",DGL,477395.85,5632038.67,31.2,0.22,
"526",r00051,(GRLGS),"0",BUR,477393.56,5632037.84,8.8,0.11,
"527",r00052,(GRLGS),"0",DGL,477390.73,5632039.08,39,0.68,
"528",r00053,(GRLGS),"0",BUR,477399.34,5632036.95,16.6,0.2,
"529",r00054,(GRLGS),"0",BUR,477400.11,5632035.17,32.6,0.25,
"530",r00055,(GRLGS),"0",BUR,477396.02,5632033.74,26.6,0.35,
"531",r00056,(GRLGS),"0",BUR,477400.75,5632031.26,26.4,0.44,
"532",r00057,(GRLGS),"0",BUR,477388.46,5632033.95,3.6,0.15,
"533",r00058,(GRLGS),"0",DGL,477386.67,5632035.56,36,0.89,
"534",r00059,(GRLGS),"0",BUR,477389.85,5632041.03,8.2,0.18,
"535",r00060,(GRLGS),"0",BUR,477389.76,5632045.71,26,0.31,
"536",r00061,(GRLGS),"0",BUR,477390.51,5632047.24,34.6,0.28,
"537",r00062,(GRLGS),"0",BUR,477393.72,5632042.65,29.8,0.39,
"538",r00063,(GRLGS),"0",DGL,477395.73,5632047.67,46.6,0.74,
"539",r00064,(GRLGS),"0",EIT,477360.13,5632055.64,32.2,0.36,
"540",r00065,(GRLGS),"0",BUR,477358.49,5632057.53,19.6,0.51,
"541",r00066,(GRLGS),"0",BUR,477365.18,5632056.03,29,0.5,
"542",r00067,(GRLGS),"0",BUR,477363.04,5632070.03,24.6,0.4,
"543",r00068,(GRLGS),"0",DGL,477357.37,5632065.33,31.6,0.37,
"544",r00069,(GRLGS),"0",DGL,477354.07,5632064.25,31.6,0.37,
"545",r00070,(GRLGS),"0",DGL,477350.47,5632064.63,31.6,0.4,
"546",r00071,(GRLGS),"0",DGL,477351.67,5632065.12,18.8,0.1,
"547",r00072,(GRLGS),"0",DGL,477352.51,5632066.44,31.6,0.23,
"548",r00073,(GRLGS),"0",DGL,477356.4,5632067.36,31.6,0.44,
"549",r00074,(GRLGS),"0",BUR,477421.44,5631983.49,37.2,0.54,
"550",r00075,(GRLGS),"0",BUR,477417.44,5631987.13,38.2,0.45,
"551",r00076,(GRLGS),"0",BUR,477415.02,5631987.28,21.8,0.17,
"552",r00077,(dg),"0",BUR,477424.41,5631991.93,,0.15,
"553",r00078,(GRLGS),"0",BUR,477425.2,5631990.23,45.6,0.57,
"554",r00079,(GRLGS),"0",BUR,477424.56,5631987.13,31,0.27,
"555",r00080,(GRLGS),"0",BUR,477409.88,5631980.9,51.6,0.59,
"556",r00081,(GHKLRRS),"0",BUR,477362.44,5631884.7,12.1,0.18,
"557",r00082,(GHKLRRS),"0",BUR,477356.82,5631880.53,15.2,0.18,
"558",r00083,(GHKLRRS),"0",BUR,477357.22,5631876.28,11.4,0.14,
"559",r00084,(GHKLRRS),"0",BUR,477363.52,5631870.48,27.9,0.6,
"560",r00085,(GHKLRRS),"0",BUR,477371.05,5631871.27,32.5,0.45,
"561",r00086,(GHKLRRS),"0",BUR,477370.34,5631877.83,27.9,0.5,
"562",r00087,(GHKLRRS),"0",BUR,477349.09,5631747.68,30.7,0.69,
"563",r00088,(GHKLRRS),"0",BUR,477341.74,5631761.8,22.4,0.6,
"564",r00089,(GHKLRRS),"0",BUR,477349.2,5631760.87,22.5,0.48,
"565",r00090,(GHKLRRS),"0",BUR,477356.5,5631756.58,22.6,0.54,
"566",r00091,(GHKLRRS),"0",ESG,477407.25,5631910.32,26.8,0.41,
"567",r00092,(GHKLRRS),"0",ESG,477404.61,5631905.82,31.5,0.48,ZB HF
"568",r00093,(GHKLRRS),"0",ESG,477407.84,5631901.09,26.3,0.25,tot
"569",r00094,(GHKLRRS),"0",ESG,477412.52,5631900.86,29.9,0.42,
"570",r00095,(GHKLRRS),"0",ESG,477414.15,5631900.48,27.5,0.26,
"571",r00096,(GHKLRRS),"0",BUR,477416.33,5631903.1,14.3,0.13,
"572",r00097,(GHKLRRS),"0",HBU,477413.16,5631907.84,20.7,0.21,
"573",r00098,(GHKLRRS),"0",ESG,477416.63,5631906.19,31.2,0.37,
"574",r00099,(GHKLRRS),"0",BUR,477418.98,5631905.7,23,0.21,
"575",r00100,(GHKLRRS),"0",BUR,477419.49,5631908.31,27.1,0.35,
"576",r00101,(GHKLRRS),"0",BUR,477415.01,5631910.58,18.5,0.17,
"577",r00102,(GHKLRRS),"0",BUR,477414.18,5631914.52,17.8,0.14,
"578",r00103,(GHKLRRS),"0",ESG,477411.89,5631917.41,23.5,0.24,
"579",r00104,(GHKLRRS),"0",ESG,477411.68,5631915.93,28,0.47,ZB HF
"580",r00105,(GHKLRRS),"0",ESG,477409.2,5631916.61,23.2,0.22,
"581",r00106,(GHKLRRS),"0",BUR,477406.06,5631917.58,18.5,0.23,
"582",r00107,(GHKLRRS),"0",ESG,477406.51,5631911.6,24.8,0.29,
"583",r00108,(HSS),"0",BUR,477695.1,5631727.79,30,0.72,
"584",r00109,(HSS),"0",EIT,477690.14,5631728.86,27,0.49,
"585",r00110,(HSS),"0",BUR,477689.05,5631724.36,6,0.14,
"586",r00111,(HSS),"0",BUR,477688.25,5631724.89,8,0.13,
"587",r00112,(HSS),"0",BUR,477686.2,5631719,26,0.45,
"588",r00113,(HSS),"0",BUR,477683.15,5631719.69,28,0.53,
"589",r00114,(HSS),"0",BUR,477688.55,5631717.58,7,0.13,
"590",r00120,(GRLGS),"0",BUR,477500.54,5631615.51,14.6,0.12,
"591",r00121,(GRLGS),"0",LAE,477504.4,5631622.38,37,0.31,
"592",r00122,(GRLGS),"0",BUR,477507.76,5631618.07,31.6,0.29,
"593",r00123,(GRLGS),"0",BUR,477501.26,5631613.97,16.2,0.16,
"594",r00124,(dg),"0",BUR,477810,5632036,34.3,0.47,umgefallen im Sturm Eberhard 2019-03-10
"595",r00132,(dg),"0",BUR,477658.46,5632235.48,,0.2,Plakette gesetzt von unbekannt. gefunden von dg am 31.8.2018. viele tote Äste. bemoost
"596",r00140,(dg),"0",BUR,477532.034,5632432.616,20,0.34,tot
"597",r00144,(HSS),"0",BUR,477708.9,5631930.75,6,0.16,
"598",r00145,(HSS),"0",BUR,477716.15,5631931.54,20,0.39,
"599",r00146,(HSS),"0",BUR,477714.94,5631925.89,19,0.39,
"600",r00147,(HSS),"0",BUR,477717.23,5631927.49,15,0.27,
"601",r00148,(HSS),"0",BUR,477705.62,5631930.78,22,0.33,
"602",r00149,(HSS),"0",EIT,477706.49,5631933.6,17,0.46,
"603",r00150,(HSS),"0",EIT,477713.4,5631938.21,22,0.48,
"604",r00151,(HSS),"0",BUR,477709.54,5631938.67,16,0.2,
"605",r00152,(HSS),"0",BUR,477713.38,5631923.51,16,0.23,
"606",r00153,(HSS),"0",BUR,477708.97,5631921.69,22,0.34,
"607",r00154,(HSS),"0",BUR,477718.84,5631923.68,23,0.26,
"608",r00155,(HSS),"0",BUR,477701.42,5631929.71,11,0.11,
"609",r00156,(HSS),"0",BUR,477579.34,5631884.58,9,0.13,
"610",r00157,(HSS),"0",BUR,477578.64,5631879.15,11,0.21,
"611",r00158,(HSS),"0",BUR,477583.58,5631875.81,9,0.18,
"612",r00159,(HSS),"0",BUR,477581.62,5631874.01,29,0.62,
"613",r00160,(GRLGS),"0",BUR,477503.74,5631625.81,19,0.16,
"614",r00161,(GRLGS),"0",BUR,477499.31,5631615.64,21.6,0.23,
"615",r00162,(GRLGS),"0",BUR,477500.88,5631614.79,31.6,0.23,
"616",r00163,(GRLGS),"0",BUR,477499.08,5631614.2,19,0.23,
"617",r00164,(GRLGS),"0",BUR,477503.1,5631627.47,14.6,0.15,
"618",r00165,(GRLGS),"0",LAE,477498.6,5631625.68,29.6,0.35,
"619",r00166,(GRLGS),"0",LAE,477495.39,5631610.85,37.6,0.45,
"620",r00167,(GRLGS),"0",BUR,477500.52,5631612.53,14.6,0.11,
"621",r00168,(GRLGS),"0",BUR,477493.53,5631617.83,21.6,0.27,
"622",r00169,(GRLGS),"0",BUR,477498.6,5631612.98,17.6,0.13,
"623",r00170,(jk),"0",EIT,477816.78,5632199.73,,0.59,Abt.1 mittelhang
"624",r00171,(GRLGS),"0",LAE,477492.47,5631614.54,37.6,0.41,
"625",r00172,(jk),"0",BUR,477809.48,5632198.64,,0.51,Abt.1 mittelhang. DELAWI 00249
"626",r00173,(jk),"0",EIT,477817.34,5632193.61,,0.57,Abt.1 mittelhang
"627",r00174,(jk),"0",BUR,477771.76,5632201.34,,0.27,Abt.1 unterhang
"628",r00175,(jk),"0",BUR,477774.67,5632199.05,,0.56,Abt.1 unterhang
"629",r00176,(jk),"0",EIT,477770.29,5632197.68,,0.65,Abt.1 unterhang
"630",r00177,(jk),"0",EIT,477775.36,5632192.63,,0.45,Abt.1 unterhang
"631",r00178,(jk),"0",BUR,477778.02,5632187.03,,0.4,Abt.1 unterhang
"632",r00179,(jk),"0",EIT,477781.22,5632185.87,,0.45,Abt.1 unterhang
"633",r00180,(jk),"0",BUR,477780.11,5632182.55,,0.32,Abt.1 unterhang
"634",r00181,(jk),"0",EIT,477782,5632178.54,,0.55,Abt.1 unterhang
"635",r00520,(DGLJS),"0",BUR,477549.96,5632124.85,13,0.29,
"636",r00521,(DGLJS),"0",BUR,477551.5,5632124.85,13,0.13,
"637",r00522,(DGLJS),"0",BUR,477552.36,5632123.37,13,0.16,
"638",r00523,(DGLJS),"0",BUR,477555.15,5632123.02,13,0.19,
"639",r00524,(DGLJS),"0",BUR,477551.06,5632127.55,13,0.25,
"640",r00525,(DGLJS),"0",BUR,477550.66,5632126.42,13,0.1,
"641",r00526,(DGLJS),"0",BUR,477356.32,5631894.41,28.8,0.57,
"642",r00527,(DGLJS),"0",BUR,477352.79,5631906.36,31.4,0.54,
"643",r00528,(DGLJS),"0",BUR,477347.63,5631903.05,28.7,0.54,
"644",r00529,(DGLJS),"0",BUR,477342.33,5631898.33,35.4,0.43,
"645",r00530,(DGLJS),"0",BUR,477348.18,5631894.85,7.1,0.41,
"646",r00531,(BHHK),"0",EIT,477882.04,5632271.63,19,0.43,
"647",r00532,(BHHK),"0",BUR,477884.33,5632271.05,13.5,0.27,
"648",r00533,(BHHK),"0",EIT,477889.2,5632268.78,21.7,0.6,
"649",r00535,(BHHK),"0",BUR,477881.41,5632268.04,7.05,0.16,2019-03-19 Art von HBU geändert
"650",r00536,(BHHK),"0",BUR,477878.21,5632266.12,6.11,0.14,2019-03-19 Art von HBU geändert
"651",r00537,(BHHK),"0",BUR,477877.72,5632262.25,10.66,0.23,
"652",r00538,(BHHK),"0",BUR,477888.65,5632277.07,8.38,0.23,
"653",r00539,(BHHK),"0",BUR,477873.07,5632269,10,0.27,2019-03-19 aufgenommen. Plakette war bei Erstaufnahme gesetzt
"654",r00540,(HSS),"0",BUR,477577.84,5631873.02,22,0.42,
"655",r00541,(HSS),"0",BUR,477573.86,5631876.93,12,0.2,
"656",r00542,(HSS),"0",BUR,477570.72,5631872.49,31,0.5,
"657",r00543,(HSS),"0",BUR,477571.73,5631879.72,10,0.14,
"658",r00544,(HSS),"0",EIT,477568.34,5631881.68,25,0.39,
"659",r00545,(HSS),"0",BUR,477567.91,5631882.69,10,0.19,
"660",r00546,(HSS),"0",BUR,477576.88,5631885.95,18,0.27,
"661",r00555,(HSS),"0",BUR,477694.69,5631716.42,9,0.12,
"662",r00556,(HSS),"0",BUR,477695.89,5631716.72,12,0.14,
"663",r00557,(HSS),"0",EIT,477695.42,5631717.12,31,0.46,
"664",r00558,(HSS),"0",BUR,477700.75,5631720.72,29,0.54,
"665",r00559,(HSS),"0",BUR,477697.14,5631723.3,7,0.2,
"666",r00560,(DGLJS),"0",BUR,477555.2,5632125.26,15.7,0.19,
"667",r00561,(DGLJS),"0",BUR,477556.78,5632125.99,15.7,0.18,
"668",r00562,(DGLJS),"0",BUR,477556.83,5632123.8,15.7,0.19,
"669",r00563,(DGLJS),"0",BUR,477554.29,5632129.75,15.7,0.1,
"670",r00564,(DGLJS),"0",BUR,477552.51,5632130.72,15.7,0.16,
"671",r00565,(DGLJS),"0",BUR,477555.28,5632130.97,15.7,0.08,
"672",r00566,(DGLJS),"0",BUR,477555.49,5632129.31,15.7,0.21,
"673",r00567,(DGLJS),"0",BUR,477557.22,5632128.5,15.7,0.16,
"674",r00568,(DGLJS),"0",BUR,477555.46,5632131.54,15.7,0.08,
"675",r00569,(dg),"0",EIT,477805.55,5632200.56,,0.44,auch Saftfluss. DELAWI 00276
"676",r00570,(DGLJS),"0",BUR,477558.7,5632131.27,15.7,0.35,
"677",r00571,(DGLJS),"0",BUR,477558.87,5632126.47,15.7,0.14,
"678",r00572,(DGLJS),"0",BUR,477563.67,5632129.88,15.7,0.1,
"679",r00573,(DGLJS),"0",BUR,477560.71,5632123.28,15.7,0.27,
"680",r00574,(DGLJS),"0",BUR,477563.22,5632125.47,15.7,0.16,
"681",r00575,(DGLJS),"0",BUR,477563.87,5632126.14,15.7,0.19,
"682",r00576,(DGLJS),"0",BUR,477565.22,5632127.35,15.7,0.12,
"683",r00577,(dg),"0",ESG,477410.8,5631899.89,23.6,0.46,
"684",r00578,(DGLJS),"0",BUR,477564.06,5632123.43,15.7,0.16,
"685",r00579,(DGLJS),"0",BUR,477565.22,5632126.8,15.7,0.1,
"686",r00580,(DGLJS),"0",BUR,477566.01,5632123.92,15.7,0.22,
"687",r00581,(DGLJS),"0",BUR,477564.65,5632121.1,15.7,0.18,
"688",r00582,(DGLJS),"0",BUR,477566.24,5632122.91,15.7,0.13,
"689",r00583,(DGLJS),"0",BUR,477561.59,5632121.15,15.7,0.19,
"690",r00584,(DGLJS),"0",BUR,477564.44,5632118.92,15.7,0.16,
"691",r00585,(DGLJS),"0",BUR,477562.17,5632119.97,13,0.24,
"692",r00586,(DGLJS),"0",BUR,477558.56,5632121.57,13,0.16,
"693",r00587,(DGLJS),"0",BUR,477562.45,5632116.73,13,0.08,
"694",r00588,(DGLJS),"0",BUR,477563.66,5632116.21,13,0.13,
"695",r00589,(DGLJS),"0",BUR,477560.46,5632115.64,13,0.08,
"696",r00590,(DGLJS),"0",BUR,477559.14,5632116.79,13,0.25,
"697",r00591,(DGLJS),"0",BUR,477556.77,5632114.28,13,0.1,
"698",r00592,(DGLJS),"0",BUR,477556.12,5632113.88,13,0.13,
"699",r00593,(DGLJS),"0",BUR,477556.59,5632120.11,13,0.16,
"700",r00594,(DGLJS),"0",BUR,477556.8,5632117.82,13,0.14,
"701",r00595,(DGLJS),"0",BUR,477556.96,5632121.3,13,0.1,
"702",r00596,(DGLJS),"0",BUR,477556.28,5632120.56,13,0.11,
"703",r00597,(DGLJS),"0",BUR,477552.44,5632118.59,13,0.11,
"704",r00598,(DGLJS),"0",BUR,477551.72,5632118.4,13,0.11,
"705",r00599,(DGLJS),"0",BUR,477549.33,5632118.39,13,0.1,
"706",r00600,(GHKLRRS),"0",ESG,477410,5631914.22,1.6,0.11,
"707",r00601,(GHKLRRS),"0",BUR,477253.62,5631883.9,25.8,0.42,
"708",r00602,(GHKLRRS),"0",BUR,477257.52,5631886.34,24.9,0.44,
"709",r00603,(GHKLRRS),"0",EIT,477253.52,5631886.73,24.6,0.35,
"710",r00604,(GHKLRRS),"0",BUR,477251.77,5631890.21,21.5,0.3,
"711",r00605,(GHKLRRS),"0",BUR,477253.97,5631890.62,22.9,0.32,
"712",r00606,(GHKLRRS),"0",BUR,477256.65,5631897.42,20.9,0.33,
"713",r00607,(GHKLRRS),"0",BUR,477257.99,5631896.54,10.1,0.11,
"714",r00608,(GHKLRRS),"0",BUR,477259.9,5631893.65,26.3,0.43,
"715",r00609,(GHKLRRS),"0",BUR,477261.72,5631890.81,18.9,0.18,
"716",r00610,(GHKLRRS),"0",BUR,477263.3,5631889.08,21,0.25,
"717",r00611,(GHKLRRS),"0",BUR,477264.04,5631895.65,24.3,0.38,
"718",r00612,(GHKLRRS),"0",BUR,477264.12,5631898.15,7.8,0.09,
"719",r00613,(GHKLRRS),"0",BUR,477267.4,5631896.85,23.8,0.44,
"720",r00614,(GHKLRRS),"0",BUR,477267.59,5631895.78,11.9,0.12,
"721",r00615,(GHKLRRS),"0",BUR,477264.51,5631881.93,25.8,0.42,
"722",r00616,(GHKLRRS),"0",BUR,477261.1,5631881.43,9.6,0.1,
"723",r00617,(GHKLRRS),"0",BUR,477257.99,5631879.87,23.9,0.39,
"724",r00618,(GHKLRRS),"0",BUR,477260.21,5631884.81,12.9,0.14,
"725",r00619,(GHKLRRS),"0",DGL,477290.72,5632000.22,23.5,0.44,
"726",r00620,(GHKLRRS),"0",BUR,477292.38,5631989.83,22.7,0.36,
"727",r00621,(GHKLRRS),"0",BUR,477294.98,5631988.53,23.2,0.45,
"728",r00622,(GHKLRRS),"0",BUR,477288.49,5631985.26,22.1,0.47,
"729",r00623,(GHKLRRS),"0",BUR,477284.36,5631988.38,7.4,0.13,
"730",r00624,(GHKLRRS),"0",BUR,477283.57,5631988.61,22.9,0.34,
"731",r00625,(GHKLRRS),"0",BUR,477280.59,5631987.58,23.1,0.37,
"732",r00626,(GHKLRRS),"0",DGL,477284.31,5631995.9,18.8,0.31,
"733",r00627,(GHKLRRS),"0",BUR,477287.22,5631981.71,10.6,0.17,
"734",r00628,(GHKLRRS),"0",DGL,477284.56,5631997.6,23.2,0.42,
"735",r00629,(GHKLRRS),"0",DGL,477287.72,5631997.94,13.2,0.17,
"736",r00630,(GHKLRRS),"0",DGL,477288.54,5631999.46,3.5,0.11,tot. abgeknickt
"737",r00631,(BHW),"0",EIT,477658.03,5632256.26,9,0.15,
"738",r00632,(BHW),"0",BUR,477657.79,5632254.23,11,0.14,
"739",r00633,(BHW),"0",BUR,477658.46,5632254.26,13,0.15,
"740",r00634,(BHW),"0",BUR,477657.98,5632249.86,12,0.12,
"741",r00635,(BHW),"0",BUR,477660.06,5632255.71,11,0.11,
"742",r00636,(BHW),"0",EIT,477661.09,5632254.77,14,0.25,
"743",r00637,(BHW),"0",BUR,477662.07,5632254.97,14,0.1,
"744",r00638,(BHW),"0",BUR,477663.52,5632255.57,9,0.32,
"745",r00639,(BHW),"0",BUR,477661.56,5632263.58,19,0.13,
"746",r00641,(DGLJS),"0",BUR,477709.85,5632073.48,11.8,0.09,
"747",r00642,(DGLJS),"0",BUR,477710.15,5632070.34,11.8,0.09,
"748",r00643,(DGLJS),"0",BUR,477709.44,5632069.49,11.8,0.11,
"749",r00644,(DGLJS),"0",BUR,477709.55,5632067.59,11.8,0.12,
"750",r00645,(DGLJS),"0",BUR,477708.8,5632066.3,11.8,0.11,
"751",r00646,(DGLJS),"0",BUR,477706.41,5632068.3,11.8,0.1,
"752",r00647,(DGLJS),"0",BUR,477710.29,5632065.82,11.8,0.13,
"753",r00648,(DGLJS),"0",BUR,477711.58,5632064.34,11.8,0.11,
"754",r00649,(DGLJS),"0",BUR,477712.5,5632064.93,11.8,0.12,
"755",r00650,(DGLJS),"0",BUR,477713.3,5632069.09,11.8,0.09,
"756",r00651,(DGLJS),"0",BUR,477713.3,5632067.09,11.8,0.08,
"757",r00652,(DGLJS),"0",BUR,477714.08,5632065.12,11.8,0.1,
"758",r00653,(DGLJS),"0",BUR,477714.39,5632067.93,11.8,0.14,
"759",r00654,(DGLJS),"0",BUR,477716.77,5632066.66,11.8,0.15,
"760",r00655,(DGLJS),"0",BUR,477718.76,5632067.58,11.8,0.09,
"761",r00656,(DGLJS),"0",BUR,477720.66,5632069.84,11.8,0.1,
"762",r00657,(DGLJS),"0",BUR,477722.06,5632075.64,11.8,0.08,
"763",r00658,(DGLJS),"0",BUR,477716.64,5632078.07,11.8,0.12,
"764",r00659,(DGLJS),"0",BUR,477717.29,5632078.84,11.8,0.1,
"765",r00660,(DGLJS),"0",BUR,477718.51,5632080.29,11.8,0.08,
"766",r00661,(DGLJS),"0",BUR,477709.62,5632081.97,21.8,0.46,
"767",r00662,(DGLJS),"0",BUR,477708.61,5632079.68,21.8,0.19,
"768",r00663,(DGLJS),"0",BUR,477708.7,5632078.69,21.8,0.12,
"769",r00664,(DGLJS),"0",BUR,477706.53,5632076.55,21.8,0.22,
"770",r00665,(DGLJS),"0",FIG,477878.7,5632080.3,24,0.38,
"771",r00666,(DGLJS),"0",FIG,477877.39,5632081.2,24,0.25,
"772",r00667,(DGLJS),"0",FIG,477878.98,5632082.81,24,0.35,
"773",r00668,(jk),"0",FIG,477884.85,5632085.54,,0.4,
"774",r00669,(DGLJS),"0",FIG,477885.41,5632078.78,24,0.3,
"775",r00670,(DGLJS),"0",FIG,477887.18,5632081.09,24,0.29,
"776",r00671,(DGLJS),"0",FIG,477889.74,5632079.72,24,0.16,
"777",r00672,(DGLJS),"0",FIG,477888.95,5632078.06,24,0.29,
"778",r00673,(DGLJS),"0",FIG,477890.6,5632073.88,24,0.3,2019-03-19 umgefallen
"779",r00674,(DGLJS),"0",FIG,477886.3,5632074.91,24,0.29,
"780",r00675,(DGLJS),"0",FIG,477888.78,5632070.8,24,0.38,
"781",r00676,(DGLJS),"0",FIG,477884.37,5632073.97,24,0.4,2019-03-19 umgefallen
"782",r00677,(DGLJS),"0",FIG,477886.11,5632069.66,24,0.35,
"783",r00678,(DGLJS),"0",FIG,477884.19,5632068.98,24,0.4,
"784",r00679,(DGLJS),"0",FIG,477882.28,5632073.85,24,0.21,2019-03-19 umgefallen
"785",r00682,(SBSF),"0",BUR,477536.12,5631786.86,14.8,0.13,
"786",r00683,(SBSF),"0",BUR,477534.76,5631788.13,39.2,0.21,
"787",r00684,(SBSF),"0",BUR,477537.79,5631789.74,37.7,0.44,
"788",r00685,(SBSF),"0",BUR,477542.7,5631790.1,44,0.24,
"789",r00686,(SBSF),"0",BUR,477546.51,5631785.67,43.7,0.57,
"790",r00687,(SBSF),"0",BUR,477547.05,5631781.23,6.4,0.17,
"791",r00688,(SBSF),"0",BUR,477536.1,5631781.48,42.2,0.47,
"792",r00689,(SBSF),"0",BUR,477533.28,5631783.92,31.9,0.22,
"793",r00690,(jk),"0",EIT,477832.55,5632244.19,,0.55,Abt.1 oberhang
"794",r00691,(jk),"0",EIT,477498.51,5631738.52,,0.48,Abt. 3 oberhang. neu ausgewählt am 21.09.2018 jk und dg
"795",r00694,(jk),"9999",EIT,477477,5631712,,0.56,Abt. 3 oberhang
"796",r00695,(jk),"0",BUR,477476.01,5631722.05,,0.44,Abt. 3 oberhang
"797",r00696,(jk),"0",EIT,477481.67,5631716.35,,0.45,Abt. 3 oberhang
"798",r00697,(jk),"0",EIT,477481.27,5631839.04,,0.33,Abt. 3 mittelhang
"799",r00698,(jk),"0",BUR,477485.78,5631835.26,,0.42,Abt. 3 mittelhang
"800",r00699,(jk),"0",BUR,477486.71,5631839.06,,0.42,Abt. 3 mittelhang
"801",r00700,(jk),"0",BUR,477483.14,5631845.98,,0.48,Abt. 3 mittelhang
"802",r00701,(jk),"0",EIT,477469.78,5631840.53,,0.51,Abt. 3 mittelhang
"803",r00702,(jk),"0",EIT,477457.45,5631808.7,26,0.41,Abt. 3 mittelhang
"804",r00703,(jk),"0",EIT,477551.23,5631955.69,,0.43,Abt. 3 unterhang
"805",r00704,(jk),"0",EIT,477559.26,5631957.61,,0.49,Abt. 3 unterhang
"806",r00705,(jk),"0",EIT,477565.52,5631959.25,,0.37,Abt. 3 unterhang
"807",r00706,(jk),"0",BUR,477570.76,5631958.66,,0.47,Abt. 3 unterhang
"808",r00707,(jk),"0",EIT,477569.18,5631948.83,,0.55,Abt. 3 unterhang
"809",r00708,(jk),"0",BUR,477562.19,5631967.53,,0.45,Abt. 3 unterhang
"810",r00709,(jk),"0",BUR,477552.32,5631967.78,,0.51,Abt. 3 unterhang
"811",r00710,(jk),"0",BUR,477547.48,5631974.61,,0.45,Abt. 3 unterhang
"812",r00711,(jk),"0",EIT,477836.84,5632243.69,,0.5,Abt.1 oberhang
"813",r00712,(jk),"0",BUR,477828.53,5632244.54,,0.34,Abt.1 oberhang
"814",r00713,(jk),"0",BUR,477840.06,5632241.47,,0.37,Abt.1 oberhang
"815",r00714,(jk),"0",BUR,477842.88,5632231.01,,0.42,Abt.1 oberhang
"816",r00715,(jk),"0",BUR,477845.6,5632238.86,,0.33,Abt.1 oberhang
"817",r00716,(jk),"0",EIT,477837.79,5632236.7,,0.46,Abt.1 oberhang
"818",r00717,(jk),"0",EIT,477838.72,5632225.91,,0.45,Abt.1 oberhang
"819",r00718,(jk),"0",EIT,477810.69,5632205.95,,0.41,Abt.1 mittelhang. auch Saftfluss. DELAWI 00277
"820",r00719,(jk),"0",BUR,477815.74,5632207.41,,0.48,Abt.1 mittelhang. DELAWI 00247
"821",r00720,(SBSF),"0",BUR,477527.87,5632057.86,31.5,0.38,
"822",r00721,(SBSF),"0",BUR,477536.43,5632061.26,35.3,0.39,
"823",r00722,(SBSF),"0",BUR,477537.26,5632064.35,23.4,0.39,
"824",r00723,(SBSF),"0",BUR,477540.03,5632056.64,38.6,0.54,
"825",r00724,(SBSF),"0",BUR,477544.63,5632055.56,41,0.56,
"826",r00725,(SBSF),"0",BUR,477533.8,5632044.73,26.5,0.37,
"827",r00726,(SBSF),"0",BUR,477532.86,5632047.93,34.7,0.49,
"828",r00727,(SBSF),"0",BUR,477530.57,5632050.59,31.5,0.57,
"829",r00728,(SBSF),"0",DGL,477392.94,5632015.18,40.4,0.73,
"830",r00729,(SBSF),"0",EIT,477395.76,5632021.11,32.9,0.27,
"831",r00730,(SBSF),"0",BUR,477385.26,5632017.7,43.4,0.38,
"832",r00731,(SBSF),"0",DGL,477383.22,5632017.38,44.3,0.88,
"833",r00732,(SBSF),"0",BUR,477381.81,5632012.88,18.3,0.2,
"834",r00733,(SBSF),"0",DGL,477385.37,5632010.83,47.6,0.66,
"835",r00734,(SBSF),"0",BUR,477389.92,5632006.72,41,0.36,
"836",r00735,(SBSF),"0",BUR,477398.38,5632007.72,45.2,0.32,
"837",r00736,(SBSF),"0",BUR,477396.81,5632009.53,45,0.14,
"838",r00737,(SBSF),"0",BUR,477399.61,5632012.88,7.8,0.25,
"839",r00738,(SBSF),"0",BUR,477453.45,5631771.98,32.9,0.18,
"840",r00739,(SBSF),"0",BUR,477452.09,5631776.17,32.9,0.55,
"841",r00740,(SBSF),"0",BUR,477447.96,5631782.64,24.6,0.23,
"842",r00741,(SBSF),"0",BUR,477452.54,5631786.34,24.6,0.59,
"843",r00742,(SBSF),"0",BUR,477458.09,5631786.66,36.1,0.25,
"844",r00743,(SBSF),"0",BUR,477456.74,5631773.87,43.4,0.33,
"845",r00744,(SBSF),"0",BUR,477444.9,5631812.51,21,0.19,
"846",r00745,(SBSF),"0",BUR,477447.71,5631810.26,34.4,0.43,
"847",r00746,(SBSF),"0",BUR,477449.63,5631811.95,8,0.13,
"848",r00747,(SBSF),"0",BUR,477449.19,5631814.55,36.5,0.6,
"849",r00748,(SBSF),"0",BUR,477449.38,5631822.32,40.4,0.54,
"850",r00749,(SBSF),"0",BUR,477443.58,5631819.83,20.4,0.46,
"851",r00750,(SBSF),"0",BUR,477440.88,5631820.72,27.5,0.25,
"852",r00751,(SBSF),"0",BUR,477435.02,5631813.76,35.3,0.45,
"853",r00752,(SBSF),"0",BUR,477448.91,5631805.34,8,0.13,
"854",r00753,(DGLJS),"0",FIG,477881.11,5632068.9,24,0.27,
"855",r00754,(DGLJS),"0",FIG,477880.42,5632072.98,24,0.18,
"856",r00755,(DGLJS),"0",FIG,477879.51,5632069.28,24,0.41,
"857",r00756,(jk),"0",FIG,477874.6,5632080.86,,0.22,
"858",r00757,(DGLJS),"0",FIG,477875.06,5632077.94,24,0.14,
"859",r00758,(DGLJS),"0",BUR,477548.7,5632126.55,13,0.18,
"860",r00759,(DGLJS),"0",BUR,477554.04,5632121.53,13,0.16,
"861",r00760,(SBSF),"0",HBU,477402.73,5632262.08,27,0.1,
"862",r00761,(SBSF),"0",HBU,477406.82,5632262.06,27,0.13,
"863",r00762,(SBSF),"0",HBU,477402.3,5632261.84,27,0.09,
"864",r00763,(jk),"0",BUR,477410.78,5631959.43,,0.55,
"865",r00764,(jk),"0",BUR,477831.37,5632168.87,,0.09,
"866",r00765,(SBSF),"0",HBU,477406.01,5632259.88,27,0.08,
"867",r00766,(SBSF),"0",HBU,477404.75,5632259.09,27,0.13,
"868",r00768,(SBSF),"0",BUR,477403.64,5632259.47,27,0.14,
"869",r00769,(SBSF),"0",HBU,477404.17,5632258.27,27,0.08,
"870",r00770,(SBSF),"0",BUR,477403.37,5632254.34,27,0.29,
"871",r00771,(SBSF),"0",EIT,477406.73,5632253.32,27,0.09,daneben außerhalb Esche Fraxinus excelsior
"872",r00772,(SBSF),"0",BUR,477407.85,5632252.03,27,0.22,
"873",r00773,(SBSF),"0",HBU,477409.37,5632253.56,27,0.13,
"874",r00774,(SBSF),"0",BUR,477411.32,5632252.57,27,0.1,
"875",r00775,(SBSF),"0",BUR,477412.59,5632251.91,27,0.1,
"876",r00776,(SBSF),"0",BUR,477413.61,5632255.91,27,0.12,
"877",r00777,(SBSF),"0",HBU,477414.76,5632256.33,27,0.13,Totholz
"878",r00778,(SBSF),"0",HBU,477415.92,5632254.95,27,0.1,
"879",r00779,(SBSF),"0",BUR,477415.83,5632252.46,27,0.24,
"880",r00780,(SBSF),"0",BUR,477491.42,5631735.46,29.6,0.43,Abt. 3 oberhang. dm-006. neu ausgewählt 21.09.2018 jk und dg
"881",r00781,(SBSF),"0",EIT,477481.91,5631734.79,39.4,0.45,Abt. 3 oberhang. dm-006
"882",r00782,(SBSF),"0",BUR,477480.41,5631731.94,43.4,0.47,Abt. 3 oberhang. dm-006. neu ausgewählt 21.09.2018 jk und dg
"883",r00783,(SBSF),"0",BUR,477488.24,5631731.73,41.9,0.38,
"884",r00784,(SBSF),"0",EIT,477483.18,5631726.09,38.9,0.38,
"885",r00785,(SBSF),"0",BUR,477488.96,5631724.53,41.9,0.53,Abt. 3 oberhang. dm-006
"886",r00786,(SBSF),"0",EIT,477492.18,5631730.2,40.4,0.4,
"887",r00787,(SBSF),"0",EIT,477496.01,5631728.6,16.8,0.42,
"888",r00800,(GHKLRRS),"0",BUR,477863.34,5632322.26,16.2,0.2,
"889",r00801,(GHKLRRS),"0",BUR,477871.42,5632323.87,30.8,0.57,
"890",r00802,(GHKLRRS),"0",BUR,477877.04,5632321.6,29.1,0.71,
"891",r00803,(GHKLRRS),"0",BUR,477868.33,5632316.47,15.9,0.19,
"892",r00804,(GHKLRRS),"0",BUR,477874.73,5632326.14,5.2,0.15,
"893",r00805,(GHKLRRS),"0",BUR,477697.09,5631891.41,19.1,0.33,
"894",r00806,(GHKLRRS),"0",BUR,477701.55,5631893.03,19.3,0.48,
"895",r00807,(GHKLRRS),"0",BUR,477704.76,5631893.84,11.8,0.13,
"896",r00808,(GHKLRRS),"0",BUR,477702.03,5631894.27,9.9,0.1,
"897",r00809,(GHKLRRS),"0",BUR,477698.85,5631895.89,18.9,0.25,
"898",r00810,(GHKLRRS),"0",BUR,477695.82,5631893.78,5.2,0.07,
"899",r00811,(GHKLRRS),"0",EIT,477694.67,5631892.81,18.5,0.38,
"900",r00812,(GHKLRRS),"0",BUR,477692.16,5631893.34,12.8,0.12,
"901",r00813,(GHKLRRS),"0",BUR,477691.32,5631894.48,12.8,0.14,
"902",r00814,(GHKLRRS),"0",BUR,477687.89,5631891.62,18.1,0.23,
"903",r00815,(GHKLRRS),"0",BUR,477686.38,5631892.18,10.2,0.1,
"904",r00816,(GHKLRRS),"0",BUR,477688.34,5631889.32,12.9,0.11,
"905",r00817,(GHKLRRS),"0",BUR,477687.1,5631886.69,10.5,0.11,
"906",r00818,(GHKLRRS),"0",BUR,477694.02,5631884.58,24.3,0.47,
"907",r00819,(GHKLRRS),"0",BUR,477696.52,5631880.5,15.3,0.14,
"908",r00820,(GHKLRRS),"0",BUR,477697.2,5631882.99,14.6,0.12,
"909",r00821,(GHKLRRS),"0",BUR,477699.04,5631883.16,17.1,0.17,
"910",r00822,(GHKLRRS),"0",EIT,477702.25,5631888.04,21.4,0.48,
"911",r00823,(GRLGS),"0",BUR,477525.92,5632013.6,25.2,0.54,
"912",r00824,(GRLGS),"0",BUR,477528.49,5632012.23,11.6,0.12,
"913",r00825,(GRLGS),"0",EIT,477529.44,5632009.85,14,0.52,
"914",r00826,(GRLGS),"0",BUR,477531.52,5632012.94,12.9,0.14,
"915",r00827,(GRLGS),"0",BUR,477530.43,5632014.22,31.6,0.42,
"916",r00828,(GRLGS),"0",BUR,477533.44,5632017.57,30.6,0.45,
"917",r00829,(GRLGS),"0",BUR,477527.02,5632020.2,44.6,0.68,
"918",r00830,(GRLGS),"0",BUR,477524.23,5632018.92,41,0.43,
"919",r00831,(GRLGS),"0",BUR,477516.71,5632016.96,37,0.25,
"920",r00832,(GRLGS),"0",BUR,477519.56,5632010.3,42.6,0.54,
"921",r00833,(GRLGS),"0",BUR,477489.44,5631803.61,51.6,0.66,
"922",r00834,(GRLGS),"0",BUR,477490.2,5631810.55,43.6,0.5,
"923",r00835,(GRLGS),"0",BUR,477494.36,5631809.43,47.6,0.46,
"924",r00836,(GRLGS),"0",BUR,477503.01,5631811.14,40.4,0.46,
"925",r00837,(GRLGS),"0",BUR,477494.14,5631815.48,24.6,0.22,
"926",r00838,(GRLGS),"0",BUR,477494.64,5631816.12,47.6,0.51,
"927",r00839,(GRLGS),"0",BUR,477488.13,5631819.13,21.6,0.22,
"928",r00840,(SBSF),"0",BUR,477616.35,5632159.41,27,0.13,
"929",r00842,(SBSF),"0",BUR,477619.1,5632159.76,27,0.07,
"930",r00843,(SBSF),"0",BUR,477617.9,5632160.53,27,0.13,
"931",r00845,(SBSF),"0",BUR,477617.4,5632162.15,27,0.22,
"932",r00846,(SBSF),"0",BUR,477619.15,5632162.66,27,0.16,
"933",r00847,(SBSF),"0",BUR,477618.31,5632162.85,27,0.11,
"934",r00848,(SBSF),"0",BUR,477612.2,5632161.81,27,0.13,
"935",r00849,(SBSF),"0",BUR,477613.41,5632161.86,27,0.09,
"936",r00850,(SBSF),"0",BUR,477615.47,5632162.25,27,0.1,
"937",r00851,(SBSF),"0",BUR,477616.42,5632162.63,27,0.22,
"938",r00852,(jk),"0",EIT,477540.16,5631775.06,,0.37,
"939",r00854,(SBSF),"0",BUR,477619.13,5632162.82,27,0.08,
"940",r00855,(SBSF),"0",BUR,477615.27,5632163.1,27,0.13,
"941",r00856,(SBSF),"0",BUR,477617.28,5632164.79,27,0.13,
"942",r00857,(SBSF),"0",BUR,477618.48,5632165.53,27,0.16,
"943",r00858,(SBSF),"0",BUR,477616.37,5632166.77,27,0.13,
"944",r00859,(SBSF),"0",BUR,477615.38,5632166.81,27,0.09,
"945",r00860,(jk),"0",BUR,477419.54,5631964.96,,0.35,
"946",r00861,(dg),"0",EIT,477799.54,5632205.75,,0.48,auch Saftfluss. DELAWI 00275
"947",r00862,(SBSF),"0",BUR,477612.29,5632165.44,27,0.13,
"948",r00863,(SBSF),"0",BUR,477612.84,5632166.39,27,0.13,
"949",r00864,(SBSF),"0",BUR,477613.94,5632168.3,27,0.16,
"950",r00865,(SBSF),"0",BUR,477615.08,5632169.6,27,0.1,
"951",r00866,(SBSF),"0",BUR,477610.65,5632165.41,27,0.17,
"952",r00867,(SBSF),"0",BUR,477612.37,5632167.4,27,0.13,
"953",r00868,(SBSF),"0",BUR,477610.72,5632170.34,27,0.16,
"954",r00869,(jk),"0",HBU,477901.94,5632156.81,12,0.18,
"955",r00871,(jk),"0",BUR,477537.74,5631775.86,,0.23,
"956",r00872,(jk),"0",BUR,477901.83,5632154.93,9,0.14,
"957",r00873,(SBSF),"0",BUR,477608.33,5632164.81,27,0.19,
"958",r00874,(SBSF),"0",BUR,477607.7,5632165.95,27,0.1,
"959",r00875,(SBSF),"0",BUR,477604.89,5632167.83,27,0.18,
"960",r00876,(SBSF),"0",BUR,477603.21,5632167.64,27,0.16,
"961",r00877,(SBSF),"0",BUR,477411.3,5632260.02,27,0.6,
"962",r00878,(SBSF),"0",HBU,477417.54,5632255.31,27,0.08,
"963",r00879,(SBSF),"0",BUR,477418.65,5632256.37,27,0.15,
"964",r00880,(SBSF),"0",BUR,477419.34,5632255.97,27,0.12,
"965",r00881,(SBSF),"0",BUR,477419.7,5632259.24,27,0.13,
"966",r00882,(SBSF),"0",BUR,477420.39,5632259.12,27,0.11,
"967",r00883,(SBSF),"0",BUR,477420.66,5632259.59,27,0.16,
"968",r00884,(SBSF),"0",HBU,477421.02,5632260.25,27,0.08,
"969",r00886,(SBSF),"0",BUR,477417.83,5632260.77,27,0.1,
"970",r00887,(SBSF),"0",BUR,477418.33,5632260.77,27,0.1,
"971",r00888,(SBSF),"0",HBU,477418.6,5632261.43,27,0.11,
"972",r00889,(dg),"0",BUR,477417.64,5632085.89,,0.76,
"973",r00890,(SBSF),"0",HBU,477418.81,5632262.14,27,0.08,
"974",r00891,(SBSF),"0",HBU,477418.66,5632262.81,27,0.11,
"975",r00892,(SBSF),"0",HBU,477414.64,5632265.56,27,0.1,
"976",r00894,(SBSF),"0",HBU,477411.86,5632264.68,27,0.12,
"977",r00895,(SBSF),"0",HBU,477411.33,5632269.36,27,0.09,
"978",r00896,(SBSF),"0",HBU,477411.03,5632267.07,27,0.11,
"979",r00897,(SBSF),"0",BUR,477410.57,5632266.05,27,0.08,
"980",r00898,(SBSF),"0",HBU,477410.04,5632265.06,27,0.08,
"981",r00899,(SBSF),"0",HBU,477410.01,5632264.33,27,0.11,
"982",r00900,(SBSF),"0",HBU,477408.88,5632266.69,27,0.07,
"983",r00902,(SBSF),"0",HBU,477407.94,5632267.71,27,0.08,
"984",r00903,(SBSF),"0",HBU,477407.74,5632268.17,27,0.1,
"985",r00905,(SBSF),"0",HBU,477407.9,5632267.48,27,0.1,
"986",r00906,(SBSF),"0",BUR,477406.85,5632268.97,27,0.13,
"987",r00907,(SBSF),"0",HBU,477407.87,5632265.63,27,0.09,Totholz
"988",r00908,(SBSF),"0",BUR,477405.57,5632266.62,27,0.11,
"989",r00909,(SBSF),"0",HBU,477404.93,5632267.79,27,0.09,
"990",r00910,(SBSF),"0",HBU,477404.64,5632266.52,27,0.09,
"991",r00912,(SBSF),"0",HBU,477405.22,5632265.82,27,0.07,
"992",r00913,(SBSF),"0",HBU,477403.06,5632265.56,27,0.1,
"993",r00914,(SBSF),"0",HBU,477403.15,5632265.32,27,0.09,
"994",r00915,(dg),"0",BUR,477418.1,5631987.44,,0.08,
"995",r00917,(SBSF),"0",HBU,477405.27,5632263.33,27,0.09,
"996",r00918,(SBSF),"0",BUR,477402.95,5632263.71,27,0.1,
"997",r00919,(SBSF),"0",HBU,477404.33,5632261.95,27,0.08,
"998",r00920,(GHKLRRS),"0",BUR,477802.69,5632220.95,23.5,0.4,Abt.1 mittelhang. dm-002. DELAWI 00268
"999",r00921,(GHKLRRS),"0",EIT,477807.44,5632224.06,20.7,0.35,Abt.1 mittelhang. dm-002. DELAWI 00252
"1000",r00922,(GHKLRRS),"0",BUR,477804.36,5632224.44,12.9,0.14,
"1001",r00923,(GHKLRRS),"0",BUR,477803.49,5632222.26,9.2,0.13,
"1002",r00924,(GHKLRRS),"0",EIT,477802.65,5632227.18,20.6,0.29,
"1003",r00925,(GHKLRRS),"0",HBU,477803.03,5632228.98,11.8,0.12,
"1004",r00926,(GHKLRRS),"0",BUR,477797.67,5632225.41,24.4,0.35,Abt.1 mittelhang. dm-002
"1005",r00927,(GHKLRRS),"0",BUR,477798.69,5632218.48,25.9,0.49,
"1006",r00928,(GHKLRRS),"0",BUR,477799.9,5632216.49,6.6,0.14,
"1007",r00929,(GHKLRRS),"0",BUR,477800.85,5632214.64,17.3,0.2,
"1008",r00930,(GHKLRRS),"0",BUR,477804.26,5632211.8,17.9,0.25,
"1009",r00931,(GHKLRRS),"0",BUR,477803.55,5632217.9,14.7,0.17,
"1010",r00932,(GHKLRRS),"0",BUR,477807.25,5632217.31,20.2,0.3,
"1011",r00933,(GHKLRRS),"0",BUR,477811.56,5632217.66,24.7,0.39,
"1012",r00934,(GHKLRRS),"0",BUR,477819.59,5632293.46,17,0.22,
"1013",r00935,(GHKLRRS),"0",EIT,477819.69,5632290.48,21.7,0.43,
"1014",r00936,(GHKLRRS),"0",HBU,477814.22,5632293.82,9.9,0.19,
"1015",r00937,(GHKLRRS),"0",EIT,477822.65,5632287.38,23.9,0.41,
"1016",r00938,(GHKLRRS),"0",BUR,477824.39,5632285.55,11.8,0.22,
"1017",r00939,(GHKLRRS),"0",BUR,477831.68,5632288,14.8,0.21,
"1018",r00940,(GHKLRRS),"0",BUR,477829.35,5632292.4,22.1,0.41,
"1019",r00941,(GHKLRRS),"0",EIT,477830.09,5632295.91,22.2,0.51,
"1020",r00942,(GHKLRRS),"0",BUR,477833.66,5632294.17,6.8,0.23,
"1021",r00943,(GHKLRRS),"0",BUR,477827.65,5632298.24,10.4,0.16,
"1022",r00944,(GHKLRRS),"0",HBU,477824.87,5632302.34,11.9,0.19,
"1023",r00945,(GHKLRRS),"0",EIT,477820.26,5632302.26,22.5,0.41,
"1024",r00946,(SBSF),"0",BUR,477767.97,5632312.74,25.8,0.35,
"1025",r00947,(SBSF),"0",BUR,477766.16,5632309.6,22.3,0.35,
"1026",r00948,(SBSF),"0",BUR,477758.92,5632316.87,11.3,0.21,
"1027",r00949,(SBSF),"0",BUR,477762.75,5632317.96,25.8,0.29,
"1028",r00950,(SBSF),"0",EIT,477766.85,5632317.48,32.7,0.48,
"1029",r00951,(SBSF),"0",EIT,477770.63,5632309.98,35.4,0.45,
"1030",r00952,(SBSF),"0",BUR,477765.74,5632313.92,24.8,0.19,
"1031",r00953,(SBSF),"0",EIT,477759.53,5632310.66,37,0.51,
"1032",r00954,(SBSF),"0",EIT,477757.85,5632322.15,34.3,0.45,
"1033",r00955,(SBSF),"0",BUR,477602.98,5632166.07,27,0.11,
"1034",r00956,(SBSF),"0",BUR,477605.44,5632166.73,27,0.08,
"1035",r00957,(SBSF),"0",BUR,477606.33,5632164.98,27,0.13,
"1036",r00958,(SBSF),"0",BUR,477607.04,5632164.27,27,0.13,
"1037",r00959,(SBSF),"0",BUR,477606.48,5632163.37,27,0.1,Totholz
"1038",r00962,(SBSF),"0",BUR,477856.64,5632212.73,18.4,0.22,
"1039",r00963,(SBSF),"0",BUR,477855.75,5632218.36,31,0.44,
"1040",r00964,(SBSF),"0",EIT,477858.97,5632212.72,23.4,0.52,
"1041",r00965,(SBSF),"0",BUR,477853.11,5632217.25,15.5,0.16,
"1042",r00966,(SBSF),"0",BUR,477850.22,5632220.9,11.7,0.21,
"1043",r00967,(SBSF),"0",BUR,477862.54,5632216.23,8.5,0.18,
"1044",r00968,(SBSF),"0",BUR,477854.88,5632206.64,40.4,0.35,
"1045",r00969,(SBSF),"0",BUR,477852.96,5632208.18,20.6,0.22,
"1046",r00970,(SBSF),"0",BUR,477852.18,5632211.55,18.7,0.24,
"1047",r00971,(SBSF),"0",BUR,477859.43,5632222,10.2,0.21,
"1048",r00972,(SBSF),"0",BUR,477855.73,5632203.78,34.5,0.3,
"1049",r00973,(SBSF),"0",BUR,477606.29,5632163.23,27,0.18,
"1050",r00974,(SBSF),"0",BUR,477603.54,5632162.5,27,0.18,
"1051",r00975,(SBSF),"0",BUR,477600.54,5632161.37,27,0.15,
"1052",r00976,(SBSF),"0",BUR,477604.03,5632160.33,27,0.21,
"1053",r00977,(SBSF),"0",BUR,477604.11,5632159.25,27,0.11,
"1054",r00978,(SBSF),"0",BUR,477607.32,5632159.53,27,0.1,
"1055",r00979,(SBSF),"0",BUR,477603.03,5632155.15,27,0.2,
"1056",r00980,(SBSF),"0",BUR,477603.41,5632154.61,27,0.09,
"1057",r00981,(SBSF),"0",BUR,477602.93,5632157.95,27,0.15,
"1058",r00982,(SBSF),"0",BUR,477604.64,5632154.34,27,0.18,
"1059",r00983,(SBSF),"0",BUR,477604.52,5632153.33,27,0.18,
"1060",r00984,(SBSF),"0",BUR,477606.83,5632152.82,27,0.11,
"1061",r00985,(SBSF),"0",BUR,477608.57,5632157.61,27,0.29,
"1062",r00986,(SBSF),"0",BUR,477609.38,5632158.22,27,0.08,Totholz
"1063",r00987,(SBSF),"0",AHB,477611.1,5632154.77,27,0.16,
"1064",r00988,(SBSF),"0",AHB,477612.98,5632153.01,27,0.14,
"1065",r00989,(SBSF),"0",BUR,477614.94,5632152.71,27,0.16,
"1066",r00990,(SBSF),"0",BUR,477617.22,5632155.26,27,0.11,Totholz
"1067",r00991,(SBSF),"0",BUR,477616.83,5632155.58,27,0.18,
"1068",r00992,(SBSF),"0",BUR,477615.93,5632157.02,27,0.13,
"1069",r00993,(SBSF),"0",BUR,477614.63,5632157.96,27,0.18,
"1070",r00994,(SBSF),"0",BUR,477612.85,5632159.25,27,0.11,
"1071",r00995,(SBSF),"0",BUR,477613.42,5632158.84,27,0.25,
"1072",r00996,(SBSF),"0",BUR,477618.23,5632157.15,27,0.18,
"1073",r00997,(SBSF),"0",BUR,477613.69,5632159.7,27,0.18,
"1074",r00998,(SBSF),"0",BUR,477615.33,5632158.97,27,0.13,
"1075",r00999,(SBSF),"0",BUR,477613.16,5632160,27,0.09,
"1076",r00767,(jk),"0",BUR,477530.41,5631784.89,,0.45,
"9991",testBaum2,(dg),"9999",,477945,5632250,,,
"9999",testBaum,(dg),"9999",BUR,477965,5632250,,,
